KPI,Polaridad_Rendimiento,Tipo_Objetivo_Estrategico,Formula_Metrica_Calculo,Descripcion_Ampliada_Educativa,Comportamiento_Direccional_y_Causalidad,Razon_Estrategica_y_Decisiones,Texto_Contexto_RAG_Vectorial
Estado de Acreditación y Clasificaciones Académicas,POSITIVO (Maximizar),Aumentar / Mejorar (KPI de Posicionamiento y Excelencia),"Número de acreditaciones activas obtenidas por organismos oficiales (ej. AACSB, ABET, CHEA) y posición numérica ordinal en rankings académicos nacionales/internacionales (ej. QS, Times Higher Education).","Mide el estatus de validación formal otorgado por agencias acreditadoras de calidad y la posición competitiva de la institución en clasificaciones educativas globales o regionales. Refleja el cumplimiento de estándares rigurosos en infraestructura, currículo, cuerpo docente y resultados estudiantiles.","SI AUMENTA/MEJORA: Eleva la reputación institucional, atrae mejores postulantes, facilita convenios internacionales y atrae fondos de investigación. SI DISMINUYE/PIERDE ACREDITACIÓN: Provoca severa pérdida de credibilidad, caída drástica en matriculación, riesgo de sanciones regulatorias y pérdida de financiamiento estatal o becas.","Es un pilar de reputación y posicionamiento de mercado. Las decisiones estratégicas asociadas incluyen inversión en calidad docente, auditorías académicas preventivas e infraestructura de investigación.","El KPI Estado de Acreditación y Clasificaciones Académicas (Accreditation Status and Rankings) es un indicador de impacto POSITIVO (Maximizar). Evalúa el número de certificaciones oficiales recibidas y el puesto competitivo en rankings como QS o THE. Si el indicador sube o mejora, aumenta el prestigio, la atracción de alumnos de alto rendimiento y las alianzas globales. Si cae o se pierden acreditaciones, genera una crisis reputacional y pérdida de matrícula. Se calcula mediante el recuento de sellos de calidad y posiciones en tablas académicas."
Selectividad de Admisiones,"PUNTO ÓPTIMO / RESTRICCIÓN (A menor porcentaje admitido, mayor selectividad)","Mantener en umbral bajo deseado (A mayor rigor, mayor prestigio de entrada)",(Número de Estudiantes Admitidos / Número Total de Aspirantes que Completaron Solicitud) * 100.,Porcentaje de solicitantes aceptados en relación con el total de aspirantes. Una tasa de admisión baja (ej. 10%-20%) indica alta selectividad y filtro riguroso; una tasa alta (80%-90%) indica política de admisión abierta o menor demanda competitiva.,"SI DISMINUYE EL PORCENTAJE (Mayor selectividad): Señala alto prestigio, fuerte demanda de postulantes y un perfil de ingresantes highly capacitado. SI AUMENTA EL PORCENTAJE (Menor selectividad): Puede indicar disminución de la demanda de aspirantes o necesidad de relajar requisitos para llenar cupos, lo que podría impactar las tasas de retención posteriores.","Permite equilibrar el volumen de matrícula con la calidad académica. Ayuda a definir estrategias de reclutamiento, precios de matrícula y estándares de admisión.","El KPI Selectividad de Admisiones (Admissions Selectivity) se calcula como (Estudiantes Admitidos / Total de Solicitantes) * 100. Es un indicador de dirección INVERSA al porcentaje: un porcentaje MÁS BAJO refleja MAYOR selectividad, prestigio y rigor académico. Si la tasa de admisión sube demasiado, implica menor competitividad en el ingreso y posible caída en el nivel académico inicial de la cohorte."
Tasa de Donaciones de Exalumnos (Filantropía de Egresados),POSITIVO (Maximizar),Aumentar / Incrementar (KPI de Fidelización y Apoyo Financiero),(Número de Exalumnos que Donaron en el Año / Número Total de Exalumnos Contactables) * 100.,"Mide el porcentaje de graduados que contribuyen financieramente a la institución tras egresar. Refleja el sentido de pertenencia, la satisfacción con la educación recibida y el éxito socioeconómico a largo plazo de sus egresados.","SI AUMENTA: Demuestra alta satisfacción histórica, fortalece el fondo patrimonial (endowment), permite financiar becas y mejora métricas en rankings internacionales. SI DISMINUYE: Refleja desconexión con los egresados, baja fidelización o percepción negativa del valor presente de la titulación.","Esencial para la sostenibilidad financiera no basada únicamente en colegiaturas. Orienta las estrategias de la oficina de desarrollo, relaciones con graduados y redes de networking profesional.","El KPI Tasa de Donaciones de Exalumnos (Alumni Donation Rate) es de polaridad POSITIVA (Maximizar). Mide la proporción de egresados que realizan aportes filantrópicos. Se calcula como (Exalumnos Donantes / Total Exalumnos) * 100. Un incremento indica alta lealtad, satisfacción acumulada y respaldo financiero de largo plazo. Una reducción señala desconexión institucional de los graduados."
Tasa de Asistencia Escolar y Universitaria,POSITIVO (Maximizar),Aumentar / Mantener Elevado (KPI Alerta Temprana de Compromiso),(Horas o Días de Asistencia Efectiva Presencial/Virtual / Total de Horas o Días Programados) * 100.,Porcentaje promedio de clases presenciales o sesiones síncronas virtuales a las que asisten los estudiantes inscritos. Sirve como predictor directo del rendimiento académico y la permanencia.,"SI AUMENTA: Se asocia a mayor compromiso estudiantil, mejor rendimiento en evaluaciones y menor riesgo de reprobación. SI DISMINUYE (Ausentismo): Constituye la principal señal de alerta temprana de deserción, desinterés, problemas socioemocionales o fallas de metodología docente.",Permite activar protocolos de intervención temprana por tutores o psicopedagogos antes de que el estudiante repruebe o abandone la institución.,El KPI Tasa de Asistencia (Attendance Rates) es un indicador POSITIVO (Maximizar). Su fórmula es (Horas Asistidas / Horas Programadas) * 100. Valores altos demuestran compromiso y correlacionan positivamente con el éxito académico. Una tendencia a la baja es un indicador crítico de riesgo de abandono escolar y reprobación.
Tamaño Promedio de Clase (Alumnos por Aula),NEGATIVO / CONTROL (Minimizar o Mantener Acotado),Reducir / Mantener en límite máximo (KPI de Calidad de Atención),Suma total de estudiantes inscritos en todas las secciones / Número total de secciones o aulas abiertas.,Promedio de alumnos inscritos por aula o sección académica. Evalúa la capacidad de la institución para ofrecer personalización docente y un entorno propicio para la participación activa.,"SI AUMENTA EXCESIVAMENTE: Reduce la atención personalizada, dificulta la retroalimentación detallada del docente y puede perjudicar la satisfacción del estudiante. SI DISMINUYE (Dentro de márgenes sustentables): Mejora la interacción profesor-alumno y la calidad del aprendizaje, aunque aumenta el costo operativo por alumno.",Equilibra la eficiencia operativa y los costos docentes con la calidad pedagógica percibida.,"El KPI Tamaño Promedio de Clase (Average Class Size) mide el número medio de alumnos por sección. Es un indicador de control donde valores MÁS BAJOS suelen asociarse a mayor personalización y calidad didáctica. Un aumento desmedido indica hacinamiento y deterioro en la interacción estudiante-profesor, mientras que clases muy pequeñas pueden comprometer la rentabilidad operativa."
Tarifa Promedio de Matrícula / Colegiatura,PUNTO ÓPTIMO / ESTRATÉGICO (Equilibrar Accesibilidad e Ingresos),Equilibrar según posicionamiento de mercado,Ingresos Totales por Colegiaturas y Tasas / Número Total de Estudiantes Matriculados.,Costo promedio que paga un estudiante por concepto de enseñanza en un periodo determinado. Determina el posicionamiento de precio (premium vs. accesible) y la estructura de ingresos institucionales.,"SI AUMENTA: Eleva el ingreso por alumno y el margen financiero, pero si supera la elasticidad precio demanda, reduce el número de postulantes y limita la inclusión socioeconómica. SI DISMINUYE: Aumenta la accesibilidad y el volumen potencial de inscritos, pero puede tensionar el presupuesto operativo si no se compensa con volumen.","Informa decisiones de pricing, estrategia de becas, posicionamiento competitivo e inversiones en infraestructura.",El KPI Tarifa Promedio de Matrícula (Average Tuition Fee) se calcula dividiendo los ingresos por colegiatura entre el total de estudiantes. Es un indicador de EQUILIBRIO financiero y accesibilidad. Un aumento excesivo genera barreras económicas y caída en matriculación; una reducción sin control financiero afecta la calidad operativa.
Años Promedio para la Graduación (Duración Real del Programa),NEGATIVO / EFICIENCIA (Minimizar hacia la duración teórica),Reducir a la duración del plan de estudios (KPI de Eficiencia Académica),Suma de los años requeridos por cada graduado de una cohorte para titularse / Número Total de Graduados de la Cohorte.,Tiempo medio en años que le toma a un estudiante completar los requisitos de titulación en comparación con la duración oficial estipulada en el plan de estudios (ej. 4 años).,"SI AUMENTA (Retraso en graduación): Indica ineficiencia en el flujo de asignaturas, cuellos de botella en prerrequisitos, alta tasa de reprobación o falta de flexibilidad de horarios. Aumenta el costo total para el alumno. SI DISMINUYE (Acercándose al estándar): Muestra eficiencia curricular, buen acompañamiento tutorial y graduación en tiempo y forma.","Informa la revisión de planes de estudio, la oferta de cursos de verano y sistemas de asesoría académica.","El KPI Años Promedio para la Graduación (Average Years to Graduation) es de polaridad NEGATIVA (Minimizar). Mide el tiempo real de titulación. A mayor valor, mayor ineficiencia institucional, rezago académico y sobrecosto para el estudiante. Reducir este indicador hacia la duración teórica del programa refleja éxito en la fluidez curricular y acompañamiento tutorial."
Puntajes en Pruebas Estandarizadas de Referencia,POSITIVO (Maximizar),Aumentar / Incrementar (KPI de Nivel Académico de Ingreso/Salida),"Promedio aritmético de puntajes obtenidos por la cohorte en pruebas nacionales o internacionales (ej. SAT, ACT, GMAT, Saber Pro, PISA).","Puntaje promedio obtenido por los estudiantes en pruebas diagnósticas, exámenes de admisión o evaluaciones estatales estandarizadas que miden competencias básicas o profesionales.","SI AUMENTA: Demuestra mayor preparación académica del alumnado, rigor en admisiones y alta calidad en la enseñanza recibida. SI DISMINUYE: Señala brechas de conocimiento, deterioro en la selección de aspirantes o deficiencias en el currículo formativo.","Permite comparar el nivel académico institucional frente al sistema educativo nacional o global, guiando reformas curriculares.","El KPI Puntajes en Pruebas Estandarizadas (Benchmark Test Scores) es de impacto POSITIVO (Maximizar). Evalúa las competencias académicas mediante exámenes estandarizados (SAT, GMAT, etc.). Un incremento valida el rigor del aprendizaje y la capacidad intelectual de la cohorte. Un descenso alerta sobre falencias educativas o caída en el perfil de ingreso."
Estadísticas de Seguridad en el Campus (Índice de Criminalidad),NEGATIVO / RIESGO (Minimizar a cero),Reducir a cero / Mantener al mínimo (KPI de Bienestar y Prevención),"(Número total de incidentes delictivos o de seguridad reportados en el periodo / Total de población universitaria) * 1,000.","Frecuencia y severidad de incidentes delictivos, infracciones o emergencias de seguridad ocurridas dentro de las instalaciones universitarias o residencias estudiantiles.","SI AUMENTA EL NÚMERO DE INCIDENTES: Compromete gravemente la integridad física de la comunidad, genera pánico, destruye la reputación institucional y reduce la matriculación. SI DISMINUYE: Garantiza un entorno de aprendizaje seguro, tranquilo y atractivo para familias y estudiantes.","Guía la inversión en vigilancia, iluminación, protocolos de emergencia, control de accesos y apoyo psicológico.",El KPI Estadísticas de Seguridad en el Campus (Campus Safety Statistics) es un indicador de RIESGO NEGATIVO (Minimizar). Registra delitos e incidentes por cada mil habitantes en el campus. Un valor elevado daña irreparablemente la atracción de estudiantes y el bienestar. Mantener la cifra cercana a cero asegura un entorno seguro y confiable.
Proporción de Consejeros/Orientadores por Estudiante,NEGATIVO / CONTROL (Minimizar el ratio para mayor atención),Reducir el ratio / Mantener por debajo del estándar recomendado,Número Total de Estudiantes Matriculados / Número de Consejeros u Orientadores Académicos/Psicológicos a Tiempo Completo.,Indica cuántos estudiantes debe atender en promedio un solo orientador educativo o psicólogo escolar. Recomendación estándar internacional (ASCA): máximo 250 estudiantes por consejero.,"SI EL RATIO AUMENTA (ej. 1:1000): Provoca sobrecarga del personal, atención superficial, retrasos en la detección de salud mental y desorientación vocacional. SI EL RATIO DISMINUYE (ej. 1:250): Garantiza apoyo oportuno en salud mental, asesoría vocacional efectiva y prevención del abandono.",Fundamenta la contratación de personal de apoyo socioemocional y la estructuración de programas de tutoría.,El KPI Proporción de Consejeros por Estudiante (Counselor to Student Ratio) se calcula dividiendo estudiantes entre orientadores. Es un indicador INVERSO: un ratio MÁS BAJO (ej. 1 consejero por 250 alumnos) significa MAYOR calidad de apoyo socioemocional y orientación académica. Un ratio elevado saturará los servicios y elevará los riesgos socioeducativos.
Tasa de Finalización de Cursos Online,POSITIVO (Maximizar),Aumentar / Incrementar (KPI de Retención y Engagement Digital),(Número de Estudiantes que Aprueban y Completan el Curso Online / Número Total de Estudiantes Inscritos al Inicio) * 100.,Porcentaje de alumnos matriculados en asignaturas o programas e-learning que cumplen todos los requisitos y finalizan el curso con éxito en la plataforma LMS.,"SI AUMENTA: Demuestra diseño instruccional efectivo, contenidos atractivos, buena usabilidad del LMS y adecuado acompañamiento virtual. SI DISMINUYE: Alerta sobre falta de engagement, materiales deficientes, barreras tecnológicas o aislamiento pedagógico en entornos virtuales.",Clave para instituciones virtuales para combatir las altas tasas de deserción históricas de la educación a distancia.,El KPI Tasa de Finalización de Cursos Online (Course Completion Rate Online) es de impacto POSITIVO (Maximizar). Su fórmula es (Aprobados / Inscritos Iniciales) * 100. Aumentar esta tasa refleja efectividad del modelo e-learning y compromiso del estudiante virtual. Una caída evidencia fallas pedagógicas o falta de interacción en la plataforma.
Ratio de Matriculados frente a Graduados del Curso,POSITIVO (Maximizar hacia 1.0 o 100%),Aumentar / Acercar a 100% (KPI de Efectividad de Contenido),(Estudiantes que Concluyen el Curso Satisfactoriamente / Estudiantes Matriculados Oficialmente) * 100.,Mide la efectividad del contenido y el nivel de persistencia de los estudiantes dentro de un curso específico (presencial o híbrido).,"SI AUMENTA: Indica que el nivel de dificultad es el adecuado, la metodología es pertinente y los estudiantes perciben valor real en la materia. SI DISMINUYE: Señala inconsistencias entre el temario y las evaluaciones, sobrecarga académica o falta de apoyo didáctico.","Permite rediseñar cursos críticos, capacitar docentes con alta tasa de reprobación y ajustar evaluaciones.",El KPI Ratio de Matriculados frente a Graduados del Curso (Course Enrollment-to-Completion Ratio) mide el porcentaje de alumnos matriculados que logran culminar una materia. Es de polaridad POSITIVA. Un porcentaje alto asegura valor didáctico y progresión académica fluida; un valor bajo identifica asignaturas 'cuello de botella' que frenan la titulación.
Tasa de Incumplimiento de Préstamos Estudiantiles,NEGATIVO / RIESGO (Minimizar a cero),Reducir / Mantener por debajo del límite regulatorio (KPI de Solvencia Egresados),(Número de Graduados que Entran en Morosidad/Default en Préstamos Estudiantiles / Número Total de Graduados con Préstamos en Retorno) * 100.,Porcentaje de exalumnos que no cumplen con los pagos de sus créditos educativos dentro del plazo legal posterior a la graduación.,"SI AUMENTA: Indica que los graduados no consiguen empleos con salarios suficientes para pagar sus deudas, reflejando baja rentabilidad del título (ROI) y riesgo de descalificación para programas estatales de becas/créditos. SI DISMINUYE: Demuestra estabilidad financiera e inserción laboral exitosa de los graduados.",Afecta la elegibilidad institucional para recibir fondos de crédito público y valida el retorno de inversión del título.,"El KPI Tasa de Incumplimiento de Préstamos Estudiantiles (Default Rates on Student Loans) es de polaridad NEGATIVA / RIESGO. Mide el porcentaje de egresados morosos en sus créditos educativos. Un aumento refleja desempleo o salarios deficientes al egresar, mientras que un nivel bajo prueba la estabilidad económica post-graduación de los exalumnos."
Métricas de Diversidad e Inclusión (Alumnado y Docentes),POSITIVO (Maximizar inclusión y representatividad),Aumentar / Diversificar (KPI de Inclusión y Equidad),"Porcentaje de estudiantes y docentes pertenecientes a grupos minoritarios por género, etnia, origen socioeconómico o nacionalidad respecto al total institucional.","Evalúa la representación plural y equitativa en la comunidad académica, midiendo el acceso democratizado para diversos grupos demográficos.","SI AUMENTA: Promueve un ambiente de aprendizaje enriquecedor, innovación de pensamiento, atractivo para estudiantes globales y cumplimiento de estándares de responsabilidad social. SI DISMINUYE: Muestra sesgos de acceso, exclusión socioeconómica y menor atractivo multicultural.","Orienta las políticas de equidad, becas socioeconómicas y contratación inclusiva de profesorado.",El KPI Métricas de Diversidad (Diversity Metrics) es de polaridad POSITIVA (Maximizar). Evalúa la distribución demográfica inclusiva de alumnos y profesores. Incrementarla favorece un ecosistema multicultural y atiende principios de responsabilidad social; su reducción indica homogenización y barreras de ingreso para minorías.
Tasa de Deserción / Abandono Estudiantil,NEGATIVO / RIESGO CRÍTICO (Minimizar),Reducir / Disminuir (KPI de Pérdida Institucional y Fracaso Académico),(Número de Estudiantes que Abandonan Definitivamente el Programa en un Periodo / Matrícula Total Inicial) * 100.,Porcentaje de alumnos inscritos que interrumpen o abandonan sus estudios antes de obtener el título. Es el indicador inverso a la Tasa de Retención.,"SI AUMENTA: Representa un grave fracaso institucional, pérdida directa de ingresos por colegiatura, insatisfacción estudiantil y problemas pedagógicos o financieros. SI DISMINUYE: Refleja mayor persistencia, excelente acompañamiento docente y salud financiera estable.","Es el KPI de riesgo más monitoreado. Determina la necesidad de planes de rescate académico, tutorías y apoyo financiero.","El KPI Tasa de Deserción (Dropout Rate) es un indicador de RIESGO NEGATIVO (Minimizar). Su fórmula es (Abandonos / Matrícula Inicial) * 100. Si la tasa sube, significa insatisfacción, fallas en retención y severa pérdida de ingresos para la institución. Disminuir este porcentaje es el objetivo central de la gestión educativa."
Tamaño del Fondo Patrimonial / Financiero (Endowment),POSITIVO (Maximizar),Aumentar / Incrementar (KPI de Solvencia y Sostenibilidad Financiera),"Valor de mercado total acumulado de los activos financieros, donaciones en fideicomiso e inversiones de la institución.","Monto acumulado del capital patrimonial invertido por la universidad, cuyos rendimientos financian becas, cátedras de investigación y proyectos de largo plazo.","SI AUMENTA: Otorga independencia financiera frente a las fluctuaciones de matrícula, permite absorber crisis económicas y financia investigación avanzada. SI DISMINUYE: Aumenta la vulnerabilidad financiera, limita las becas y restringe las inversiones estratégicas.",Crucial en universidades de élite y privadas para asegurar la sostenibilidad intergeneracional y el desarrollo del campus.,El KPI Tamaño del Fondo Patrimonial (Endowment Size) es de polaridad POSITIVA (Maximizar). Representa el capital financiero acumulado en fideicomisos. Aumentarlo garantiza estabilidad económica de largo plazo y capacidad para becar estudiantes. Su disminución expone a la universidad a crisis operativas por caída de matrículas.
Oferta de Actividades Extracurriculares,POSITIVO (Maximizar variedad y participación),Aumentar / Diversificar (KPI de Formación Integral),"Número total de clubes, talleres deportivos, culturales, voluntariados y sociedades científicas activas disponibles.",Cantidad y diversidad de programas no académicos que la institución pone a disposición de los estudiantes para su desarrollo holístico y vida universitaria.,"SI AUMENTA: Enriquece la experiencia estudiantil, fomenta habilidades blandas, mejora la salud mental y eleva el sentido de pertenencia. SI DISMINUYE: Reduce la vida de campus a lo meramente académico, disminuyendo la satisfacción general del alumno.","Informa el presupuesto de bienestar universitario, vida estudiantil y desarrollo integral del alumnado.","El KPI Oferta de Actividades Extracurriculares (Extracurricular Activities) es de impacto POSITIVO (Maximizar). Mide la variedad de programas deportivos, culturales y sociales. Un incremento promueve la vida de campus y habilidades blandas; una oferta pobre limita la experiencia universitaria integral."
Tasa de Publicación del Cuerpo Docente,POSITIVO (Maximizar),Aumentar / Incrementar (KPI de Productividad Investigativa),Número Total de Artículos Publicados en Revistas Indizadas (Scopus/WOS) / Número Total de Docentes a Tiempo Completo.,Promedio de artículos científicos o académicos publicados por profesor en revistas arbitradas por pares durante un periodo anual.,"SI AUMENTA: Eleva el prestigio de investigación institucional, atrae fondos de ciencia, impulsa el posicionamiento en rankings (QS, ARWU) y mejora el nivel de enseñanza. SI DISMINUYE: Señala estancamiento académico, baja productividad investigativa y posible pérdida de acreditaciones de posgrado.","Informa las políticas de incentivos a la investigación, cargas horarias lectivas vs. investigación y contratación de investigadores.",El KPI Tasa de Publicación Docente (Faculty Publication Rate) se calcula como (Publicaciones Indizadas / Total Profesores). Es de polaridad POSITIVA. Un mayor número de publicaciones por profesor eleva el prestigio científico y los rankings institucionales. Una baja tasa refleja debilidad en investigación.
Cualificación Docente y Tasa de Rotación del Profesorado,PUNTO ÓPTIMO (Alta cualificación / Baja rotación),Maximizar cualificación y Minimizar rotación,Cualificación: (% de docentes con posgrado) | Rotación: (Profesores que renunciaron / Promedio de plantilla docente) * 100.,"KPI doble que evalúa por un lado el nivel académico del claustro (maestrías, doctorados) y por otro la estabilidad laboral mediante el porcentaje de salida de profesores.","SI LA ROTACIÓN AUMENTA: Destruye la continuidad pedagógica, genera altos costos de reclutamiento y refleja clima laboral deficiente. SI LA CUALIFICACIÓN AUMENTA Y LA ROTACIÓN BAJA: Garantiza docencia de alto nivel, estabilidad institucional y sólida mentoría para alumnos.","Informa las políticas salariales, planes de carrera académica, clima organizacional y atracción de talento docente.","El KPI Cualificación y Rotación Docente (Faculty Qualification and Turnover Rate) requiere maximizar la preparación académica y MINIMIZAR la rotación. Una alta rotación perjudica la continuidad académica, mientras que una baja rotación unida a altas calificaciones asegura calidad educativa superior."
Producción Total de Investigación Docente,POSITIVO (Maximizar),Aumentar / Incrementar (KPI de Volumen Científico),"Suma total de libros, artículos, ponencias en congresos, patentes y monografías generadas por la facultad en un año.",Mapea el volumen bruto de producción intelectual y académica generada por el cuerpo docente e investigativo de la institución.,"SI AUMENTA: Posiciona a la universidad como polo de innovación y conocimiento, atrayendo estudiantes de posgrado y financiamiento internacional. SI DISMINUYE: Refleja inactividad investigativa o exceso de carga lectiva que impide el trabajo científico.",Base para la asignación de presupuestos a facultades y vicerrectorías de investigación.,El KPI Producción de Investigación Docente (Faculty Research Output) es de impacto POSITIVO (Maximizar). Mide la cantidad total de contribuciones científicas. Aumentar la producción consolida el liderazgo intelectual institucional; una caída demuestra ineficiencia en las áreas de I+D.
Tasa de Graduación / Titulación,POSITIVO (Maximizar),Aumentar / Mantener elevada (KPI de Éxito Educativo Central),(Estudiantes de una cohorte que completan el programa en el tiempo esperado [ej. 100% o 150% del tiempo] / Estudiantes totales de la cohorte inicial) * 100.,Porcentaje de alumnos ingresantes que concluyen exitosamente sus estudios y reciben su título profesional en el plazo establecido.,"SI AUMENTA: Es la prueba definitiva de efectividad académica, calidad del currículo, sólida enseñanza y apoyo institucional integral. SI DISMINUYE: Revela cuellos de botella en la titulación, alta deserción, problemas financieros en los alumnos o currículos obsoletos.","Es el indicador número uno evaluado por reguladores, acreditadoras y estudiantes potenciales para medir la efectividad institucional.",El KPI Tasa de Graduación (Graduation Rate) es de polaridad POSITIVA (Maximizar). Su fórmula es (Graduados de cohorte / Cohorte inicial) * 100. Un incremento demuestra eficiencia en la formación y culminación exitosa. Una caída alerta sobre fallas sistémicas en el proceso educativo que impiden a los alumnos graduarse.
Alianzas Corporativas y Oportunidades de Pasantías,POSITIVO (Maximizar),Aumentar / Incrementar (KPI de Vinculación con el Entorno),Número de convenios activos con empresas e instituciones + plazas de prácticas profesionales/pasantías ofertadas al año.,Mide el nivel de vinculación universidad-empresa y la oferta de prácticas pre-profesionales reales para el alumnado.,"SI AUMENTA: Garantiza experiencia laboral temprana para los alumnos, eleva la empleabilidad de los egresados y actualiza el currículo con demandas reales del mercado. SI DISMINUYE: Aísla a la institución del sector productivo y reduce las oportunidades laborales de sus graduados.","Orienta las acciones de la oficina de empleabilidad, desarrollo profesional y alianzas estratégicas.",El KPI Alianzas Corporativas y Pasantías (Industry Partnerships) es de impacto POSITIVO (Maximizar). Evalúa los acuerdos comerciales e industriales para prácticas estudiantiles. Aumentar este KPI garantiza mayor inserción laboral y relevancia práctica de la enseñanza. Su reducción perjudica la empleabilidad.
Gasto de Enseñanza por Estudiante equivalente a Tiempo Completo (FTE),POSITIVO / INVERSIÓN (Maximizar eficiencia de gasto pedagógico),Aumentar inversión directa por alumno (KPI de Inversión Pedagógica),Presupuesto Total Destinado Directamente a Instrucción y Docencia / Número de Estudiantes FTE.,"Monto económico invertido directamente en salarios docentes, recursos de aula y tecnología educativa por cada alumno a tiempo completo.",SI AUMENTA: Indica mayor inversión real en la calidad del proceso de aprendizaje y mejores recursos pedagógicos por estudiante. SI DISMINUYE: Sugiere recortes presupuestarios en el área académica central que pueden resentir la calidad educativa.,Muestra la prioridad del presupuesto: destinar recursos a las aulas versus gastos administrativos o de marketing.,El KPI Gasto de Enseñanza por Estudiante FTE (Instructional Expenditure per FTE) mide la inversión monetaria directa en docencia por alumno. Es de polaridad POSITIVA. Un mayor gasto asignado por estudiante fortalece los recursos didácticos y la calidad docente; su caída sugiere recortes que afectan la experiencia de aula.
Tasa de Inserción Laboral de Egresados,POSITIVO (Maximizar),Aumentar / Incrementar (KPI de Empleabilidad y Retorno de Inversión),(Graduados Empleados en su Área de Estudio dentro de los 6-12 meses post-graduación / Total de Graduados Buscando Empleo) * 100.,Porcentaje de exalumnos que consiguen empleo pertinente a su profesión en un periodo definido tras titularse.,"SI AUMENTA: Valida el valor real de la carrera en el mercado, atrae nuevos estudiantes y justifica la inversión en colegiaturas. SI DISMINUYE: Indica desalineación entre el plan de estudios y el mercado laboral, reduciendo el atractivo del programa.","Vital para la acreditación de programas técnicos y universitarios, orientando la actualización de perfiles egresados.",El KPI Tasa de Inserción Laboral (Job Placement Rate) es de impacto POSITIVO (Maximizar). Su fórmula es (Egresados Empleados en su Área / Total Egresados) * 100. Aumentar este valor demuestra la pertinencia del título profesional en el mercado laboral; su disminución señala obsolescencia curricular o baja empleabilidad.
Métricas de Compromiso e Interacción del Estudiante en Plataformas Virtuales,POSITIVO (Maximizar),Aumentar / Incrementar (KPI de Actividad Digital en LMS),"Métricas agregadas del LMS: Duración promedio de sesión, frecuencia de inicios de sesión, tasa de entrega de tareas y participación en foros.",Cuantifica el nivel de actividad y participación activa de los alumnos dentro de la plataforma de aprendizaje en línea.,"SI AUMENTA: Refleja un aprendizaje activo, interés por los contenidos y menor riesgo de abandono del curso online. SI DISMINUYE: Alerta sobre desvinculación, procrastinación y riesgo inminente de reprobación o deserción.",Permite alimentar algoritmos de analítica de aprendizaje para enviar alertas automáticas de apoyo a alumnos inactivos.,"El KPI Métricas de Compromiso Virtual (Learner Engagement Metrics) evalúa la interacción en plataformas LMS (sesiones, foros, tareas). Es de polaridad POSITIVA. Un alto nivel de interacción predice éxito académico en e-learning; una baja interacción es señal inequívoca de desinterés y probable abandono."
Recursos de Biblioteca y Bases de Datos Académicas,POSITIVO (Maximizar volumen y uso),Aumentar / Expandir (KPI de Soporte Académico),"Volumen total de títulos físicos + suscripciones a bases de datos científicas digitales (ej. IEEE, JSTOR) + índice de descargas/préstamos por usuario.","Mide la riqueza, actualización y accesibilidad del fondo bibliográfico y documental para estudiantes e investigadores.","SI AUMENTA: Facilita la investigación de alto nivel, apoya el estudio autónomo y cumple con requisitos de acreditación. SI DISMINUYE: Obsolescencia de material bibliográfico, limita la calidad de tesis y trabajos académicos.",Base para la asignación presupuestaria a sistemas de bibliotecas y licencias digitales.,"El KPI Recursos de Biblioteca (Library Resources) es de impacto POSITIVO (Maximizar). Evalúa el número de libros, revistas científicas y recursos digitales disponibles y consultados. Incrementar el acervo fortalece el trabajo investigativo y académico; su reducción afecta el respaldo bibliográfico institucional."
Valor de Vida del Estudiante (Student LTV),POSITIVO (Maximizar),Aumentar / Incrementar (KPI de Rentabilidad Institucional Acumulada),(Ingreso Promedio Anual por Estudiante * Duración Promedio de Permanencia en Años) + Ingresos por Educación Continua y Donaciones Posteriores - Costos de Adquisición y Retención.,"Proyección del beneficio económico o ingresos totales que genera un estudiante para la institución a lo largo de toda su relación (pregrado, posgrado, educación continua, donaciones).","SI AUMENTA: Indica excelente retención, recompra de programas educativos (posgrados) y alta rentabilidad por cliente educativo. SI DISMINUYE: Señala que los alumnos abandonan temprano o no regresan a estudiar posgrados en la institución.",Informa el límite razonable del Costo de Adquisición de Estudiantes (CAC) y la estrategia de fidelización de exalumnos.,El KPI Valor de Vida del Estudiante (Lifetime Value of a Student - LTV) es de polaridad POSITIVA (Maximizar). Calcula los ingresos financieros totales generados por un alumno a lo largo de los años. Elevar el LTV implica lograr mayor permanencia y recompra de cursos post-graduación; una reducción refleja pérdida temprana de estudiantes.
Número de Programas Académicos Acreditados,POSITIVO (Maximizar),Aumentar / Incrementar (KPI de Calidad Curricular Avalada),Cantidad total de carreras de pregrado y posgrado que cuentan con acreditación de calidad vigente por organismos acreditadores externos.,Recuento de programas educativos que han superado con éxito la evaluación de calidad de agencias nacionales o internacionales.,"SI AUMENTA: Respalda la excelencia académica del portafolio educativo, genera confianza en familias y mejora la competitividad comercial. SI DISMINUYE: Indica pérdida de acreditaciones por falta de actualización curricular o infraestructura insuficiente.",Guía el plan de autoevaluación y acreditación continua de cada facultad.,El KPI Número de Programas Acreditados (Number of Accredited Programs) es de impacto POSITIVO (Maximizar). Cuenta los planes de estudio certificados externamente. Su incremento valida la oferta formativa institucional; su disminución expone deterioro de la calidad en carreras específicas.
Diversidad de la Oferta Académica (Cursos y Programas),POSITIVO / DIVERSIFICACIÓN (Maximizar relevancia de oferta),Aumentar y Adaptar según demanda de mercado,"Conteo total de titulaciones, diplomados, certificaciones y cursos activos disponibles en el catálogo académico.",Mide la amplitud y variabilidad del catálogo formativo de la institución para adaptarse a las nuevas necesidades del mercado laboral.,SI AUMENTA DE FORMA PERTINENTE: Capta nuevos segmentos de estudiantes y diversifica las fuentes de ingreso. SI AUMENTA SIN DEMANDA (Fragmentación): Genera dispersión de recursos y cursos con pocos alumnos. SI DISMINUYE: Puede limitar el atractivo comercial si la oferta se vuelve obsoleta.,Informa el desarrollo de nuevos productos educativos y la eliminación de programas con baja matrícula.,"El KPI Diversidad de Oferta Académica (Number of Courses/Programs Offered) evalúa el tamaño del catálogo educativo. Es de impacto POSITIVO cuando responde a necesidades del mercado, permitiendo atraer distintos perfiles de alumnos. Un catálogo hipertrofiado sin demanda puede generar ineficiencias financieras."
Proporción de Matriculados Online frente a Presencial,DIVERSIFICACIÓN ESTRATÉGICA (Equilibrar o escalar digital),Aumentar participación digital sin descuidar presencial,(Número de Estudiantes Matriculados en Modalidad Virtual / Número de Estudiantes en Modalidad Presencial).,Mide la penetración del modelo educativo digital frente a la enseñanza tradicional de campus físico.,"SI AUMENTA A FAVOR DE ONLINE: Expande el alcance geográfico de la universidad sin requerir infraestructura física adicional, escalando márgenes. SI DISMINUYE O ES MUY BAJO: Muestra alta dependencia de la infraestructura física del campus y limitaciones de escala.","Clave para la transformación digital universitaria, expansión internacional e inversiones en tecnología LMS.","El KPI Proporción Online vs Presencial (Online vs. On-campus Enrollment Ratio) se calcula como (Estudiantes Virtuales / Estudiantes Presenciales). Un incremento en el componente online evidencia capacidad de escalabilidad digital y atracción de estudiantes geográficamente distantes, reduciendo costos marginales de infraestructura."
Acuerdos y Convenios de Cooperación Institucional,POSITIVO (Maximizar alianzas activas),Aumentar / Incrementar (KPI de Red de Colaboración),"Número total de convenios marco y específicos vigentes firmados con otras universidades, ONGs u organismos gubernamentales.","Mide el grado de interconexión y prestigio institucional para celebrar alianzas académicas, científicas y de movilidad.","SI AUMENTA: Amplía las oportunidades de investigación conjunta, intercambios de alumnos/docentes y titulación doble. SI DISMINUYE: Aísla a la universidad del contexto académico global y limita el desarrollo institucional.",Informa el trabajo de la vicerrectoría de relaciones internacionales y cooperación académica.,"El KPI Acuerdos de Cooperación (Partnership Agreements) es de impacto POSITIVO (Maximizar). Cuantifica los convenios institucionales vigentes. Su aumento expande la presencia internacional, investigación conjunta y movilidad; una reducción relega a la institución al aislamiento académico."
Tasa de Aprobación en Exámenes de Certificación Profesional,POSITIVO (Maximizar),Aumentar / Mantener por encima del estándar del sector (KPI de Calidad Profesional),(Graduados que Aprueban el Examen de Licencia/Certificación Profesional Oficial al Primer Intento / Total de Graduados que Presentan el Examen) * 100.,"Porcentaje de egresados que aprueban los exámenes oficiales requeridos por colegios profesionales o gobiernos para ejercitar su profesión (ej. Medicina, Derecho, Contabilidad, Ingeniería).","SI AUMENTA: Demuestra rigurosidad del programa académico, alto nivel de conocimientos prácticos y garantiza el ejercicio legal de los graduados. SI DISMINUYE: Revela graves deficiencias en la formación profesional y puede costar la acreditación de la carrera.",Crucial para carreras reguladas. Orienta la nivelación de competencias y simulacros de examen.,El KPI Tasa de Aprobación en Certificaciones (Pass Rate for Certification Exams) se calcula como (Egresados Aprobados / Total Evaluados) * 100. Es de polaridad POSITIVA. Un porcentaje alto valida la competencia real de los graduados para ejercer legalmente. Un valor bajo destruye la credibilidad del programa académico.
Número de Patentes Concedidas,POSITIVO (Maximizar),Aumentar / Incrementar (KPI de Innovación y Transferencia Tecnológica),"Cantidad total de patentes de invención u modelos de utilidad otorgados oficialmente por oficinas de propiedad intelectual (ej. USPTO, OEPM, INAPI).",Mide la capacidad de la institución para transformar la investigación científica en invenciones originales y transferibles al mercado.,"SI AUMENTA: Demuestra liderazgo tecnológico, genera potencial de ingresos por licenciamiento y posiciona a la universidad como centro de I+D+. SI DISMINUYE: Refleja investigación teórica sin aplicación práctica ni transferencia tecnológica.",Informa la gestión de las oficinas de transferencia de resultados de investigación (OTRI) y propiedad intelectual.,El KPI Patentes Concedidas (Patents Granted) es de impacto POSITIVO (Maximizar). Cuenta las invenciones registradas oficialmente por la universidad. Aumentar las patentes certifica la capacidad innovadora y el valor comercial de la I+D+i institucional; una cifra nula o decreciente indica falta de aplicación práctica.
Porcentaje de Docentes con Grado Terminal (Doctorado/Ph.D.),POSITIVO (Maximizar),Aumentar / Incrementar (KPI de Excelencia del Claustro),(Número de Profesores con el Máximo Grado Académico en su Área [ej. Doctorado] / Total de Profesores de la Plantilla) * 100.,Proporción del cuerpo docente que posee el título académico más alto posible en su disciplina (generalmente Ph.D. o Doctorado).,"SI AUMENTA: Eleva el nivel académico de la enseñanza, la capacidad de dirigir tesis doctorales, la consecución de fondos de investigación y el prestigio en rankings. SI DISMINUYE: Reduce la calidad percibida de la docencia y dificulta la acreditación de posgrados.",Define las políticas de contratación docente y los programas de becas internas para doctoramiento de profesores.,El KPI Porcentaje de Docentes con Grado Terminal (Percentage of Faculty with Terminal Degree) se calcula como (Docentes con Doctorado / Total Docentes) * 100. Es de polaridad POSITIVA. Un porcentaje alto asegura rigor científico y excelencia pedagógica; un nivel bajo limita la acreditación de maestrías y doctorados.
Porcentaje de Estudiantes a Tiempo Parcial,ANÁLISIS DE PERFIL / CONTROL (Equilibrar según modelo),Mantener controlado según el perfil institucional (Flexibilidad vs. Graduación oportuna),(Estudiantes Matriculados a Tiempo Parcial / Matrícula Total de Estudiantes) * 100.,"Proporción de alumnos que cursan menos créditos de los requeridos para una carga completa, generalmente por motivos laborales o familiares.","SI AUMENTA: Muestra mayor flexibilidad y apertura para educación de adultos o trabajadores, pero extiende los años necesarios para graduar y suele correlacionar con menor tasa de retención. SI DISMINUYE: Indica mayor concentración de estudiantes dedicados exclusivamente al estudio a tiempo completo.",Informa el diseño de horarios ejecutivos/nocturnos y la oferta de créditos flexibles.,"El KPI Porcentaje de Estudiantes a Tiempo Parcial (Percentage of Part-Time Students) mide la proporción de alumnos con carga reducida de créditos. Un aumento demuestra inclusión para adultos que trabajan, pero prolonga el tiempo de titulación y puede elevar el riesgo de deserción en comparación con alumnos a tiempo completo."
Porcentaje de Estudiantes con Ayuda Financiera o Becas,POSITIVO / ACCESIBILIDAD (Maximizar cobertura social),Aumentar / Incrementar (KPI de Inclusión Social y Equidad),"(Estudiantes que Reciben Becas, Subsidios o Créditos Preferenciales / Matrícula Total de Estudiantes) * 100.",Proporción del alumnado que cuenta con algún tipo de asistencia económica institucional o estatal para financiar sus estudios.,"SI AUMENTA: Democratiza el acceso a la educación, atrae talento con limitaciones económicas y mejora los índices de diversidad social. SI DISMINUYE: Restringe la institución a sectores de altos ingresos, reduciendo la equidad y el número de aspirantes.",Determina el presupuesto asignado al fondo de becas institucionales y la gestión de fondos públicos.,El KPI Porcentaje de Estudiantes con Ayuda Financiera (Percentage of Students Receiving Financial Aid) es de impacto POSITIVO en equidad. Se calcula como (Alumnos Becados / Total Alumnos) * 100. Aumentarlo promueve la inclusión socioeconómica y la atracción de talento; su reducción genera barreras de acceso financiero.
Tasa de Continuidad en Estudios de Posgrado,POSITIVO (Maximizar),Aumentar / Incrementar (KPI de Vocación Académica y Formación Continua),(Graduados de Pregrado que se Matriculan en Maestrías/Doctorados dentro de los 1-2 años post-titulación / Total de Graduados) * 100.,Porcentaje de egresados de licenciatura o grado que continúan inmediatamente su formación académica en programas de posgrado.,"SI AUMENTA: Refleja sólida vocación investigativa o académica inculcada, y alta competitividad para ingresar a posgrados de prestigio. SI DISMINUYE: Sugiere que los graduados se ven obligados a trabajar inmediatamente por necesidad económica o falta de orientación investigativa.",Informa la creación de programas articulados de pregrado-posgrado (pregrados con opción a maestría).,El KPI Tasa de Continuidad en Posgrado (Post-Graduate Study Rate) es de impacto POSITIVO (Maximizar). Mide la proporción de titulados que continúan maestrías o doctorados. Un alto porcentaje confirma la solidez científica e intelectual transmitida durante el pregrado; una tasa baja indica limitada proyección académica posterior.
Oportunidades de Desarrollo Profesional para Docentes,POSITIVO (Maximizar inversión en capacitación),Aumentar / Incrementar (KPI de Actualización Docente),Horas promedio de capacitación pedagógica/tecnológica por profesor al año + Presupuesto ejecutado en sabáticos y congresos.,"Mide el nivel de inversión y facilidades concedidas al profesorado para actualizarse en pedagogía, nuevas tecnologías e investigación.","SI AUMENTA: Mejora la calidad didáctica en el aula, eleva la satisfacción del profesorado, reduce la rotación docente y actualiza los contenidos. SI DISMINUYE: Provoca obsolescencia metodológica docente y desmotivación en el claustro.",Fundamenta los planes institucionales de formación docente y el uso de nuevas tecnologías pedagógicas.,El KPI Oportunidades de Desarrollo Docente (Professional Development Opportunities for Faculty) es de polaridad POSITIVA (Maximizar). Evalúa las horas de taller y fondos para congresos asignados a profesores. Aumentar este indicador moderniza las prácticas pedagógicas; recortarlo conduce a la obsolescencia docente.
Tasa de Incidentes Disciplinarios y Faltas de Convivencia,NEGATIVO / RIESGO (Minimizar a cero),Reducir / Disminuir (KPI de Clima Institucional y Convivencia),"(Número Total de Faltas Disciplinarias Reportadas y Procesadas / Matrícula Total de Estudiantes) * 1,000.","Proporción de faltas al código de conducta (plagio académico, violencia, vandalismo, sustancias prohibidas) por cada mil estudiantes.","SI AUMENTA: Refleja un clima escolar/universitario tenso, problemas en la formación ética, falta de autoridad y deterioro de la convivencia. SI DISMINUYE: Muestra un entorno respetuoso, seguro y alineado con los valores éticos institucionales.","Informa las acciones del comité de ética, reglamentación estudiantil y programas de cultura de paz.",El KPI Tasa de Incidentes Disciplinarios (Rate of Disciplinary Incidents) es de impacto NEGATIVO / RIESGO (Minimizar). Registra infracciones éticas y del código de conducta. Un aumento es síntoma de descomposición del clima institucional y falta de ética; una reducción demuestra sana convivencia y respeto normativo.
Ratio de Estudiantes Nacionales frente a Internacionales,EQUILIBRIO ESTRATÉGICO (Optimizar internacionalización),Aumentar porcentaje internacional hasta un rango óptimo de diversidad,(Número de Estudiantes Internacionales / Número de Estudiantes Nacionales) * 100.,Mide el nivel de internacionalización del campus mediante la proporción de alumnos extranjeros matriculados frente a los locales.,"SI AUMENTA LA PROPORCIÓN INTERNACIONAL: Eleva el perfil multicultural del campus, incrementa ingresos por matriculación extranjera y posiciona la universidad en rankings globales. SI ES EXTREMADAMENTE BAJO: Refleja un entorno puramente local con escasa proyección internacional.","Orienta las campañas de reclutamiento internacional, convenios de visa y servicios de acogida a extranjeros.",El KPI Ratio de Estudiantes Nacionales e Internacionales (Ratio of Domestic to International Students) se calcula dividiendo alumnos extranjeros entre locales. Buscar un crecimiento sostenido en alumnos internacionales fortalece la diversidad cultural y los rankings mundiales de la institución.
Fondos y Subvenciones Captadas para Investigación,POSITIVO (Maximizar),Aumentar / Incrementar (KPI de Solvencia Científica),Monto económico total adjudicado en moneda local por organismos externos (estatales o privados) para proyectos de investigación.,Mide el volumen de recursos financieros externos que atraen los profesores investigando mediante proyectos competitivos.,"SI AUMENTA: Valida la capacidad científica del cuerpo docente, financia laboratorios de última generación y libera presupuesto propio institucional. SI DISMINUYE: Muestra falta de competitividad científica en licitaciones de investigación.",Determina la capacidad de inversión en I+D+i y la contratación de investigadores posdoctorales.,El KPI Fondos y Subvenciones de Investigación (Research Funding and Grants) es de impacto POSITIVO (Maximizar). Suma el dinero externo adjudicado para proyectos científicos. Elevar estos fondos confirma el liderazgo investigador y la sostenibilidad científica; su caída limita la capacidad tecnológica de los laboratorios.
Ingresos por Educación Continua y Formación Ejecutiva,POSITIVO (Maximizar ingresos no tradicionales),Aumentar / Incrementar (KPI de Diversificación Financiera),"Suma total de ingresos monetarios facturados por cursos cortos, diplomados, talleres corporativos y seminarios.",Mide la facturación generada por la venta de programas de capacitación a profesionales en ejercicio y empresas.,"SI AUMENTA: Diversifica los ingresos institucionales, reduce la dependencia de las matrículas de pregrado y conecta con profesionales en ejercicio. SI DISMINUYE: Revela desconexión con las necesidades de actualización del mercado profesional.",Guía el desarrollo de la oferta de lifelong learning (aprendizaje a lo largo de la vida) y capacitación corporativa.,El KPI Ingresos por Educación Continua (Revenue from Continuing Education) es de impacto POSITIVO (Maximizar). Mide las ventas de diplomados y cursos ejecutivos. Un aumento fortalece la salud financiera sin depender solo de carreras tradicionales; una caída muestra falta de adaptación a las demandas profesionales del mercado.
Ingresos por Licenciamiento de Patentes y Propiedad Intelectual,POSITIVO (Maximizar monetización de I+D),Aumentar / Incrementar (KPI de Rentabilidad de la Innovación),"Monto económico cobrado por regalías, comercialización y licencias de patentes universitarias a empresas privadas.",Ingresos obtenidos al transferir y licenciar invenciones tecnológicas o derechos de autor desarrollados en los laboratorios universitarios a la industria.,SI AUMENTA: Demuestra que la investigación universitaria tiene un impacto comercial real y genera rentabilidad financiera sostenible. SI ES CERO O BAJO: Muestra que la investigación generada no se traduce en productos comercializables.,"Informa las políticas de innovación, patentes y creación de empresas de base tecnológica (spin-offs).",El KPI Ingresos por Licenciamiento de Patentes (Revenue from Licensing and Patenting) es de impacto POSITIVO (Maximizar). Mide las regalías por patentes comercializadas. Elevar este ingreso confirma la aplicabilidad industrial de las investigaciones; valores nulos evidencian brechas entre la universidad y el sector productivo.
Ingreso Promedio por Estudiante,POSITIVO / EFICIENCIA (Maximizar retorno medio sin sobrecargar),Aumentar mediante servicios de valor agregado,Ingresos Totales Operativos Institucionales / Número Total de Estudiantes Matriculados.,"Monto promedio de ingresos que la institución captura por cada alumno matriculado, incluyendo colegiatura, tasas, residencias y servicios complementarios.","SI AUMENTA DE FORMA EFICIENTE: Indica alta capacidad de monetizar servicios educativos de valor agregado y sostenibilidad financiera. SI DISMINUYE: Sugiere erosión de precios, descuentos excesivos o incapacidad para ofrecer servicios complementarios.",Métrica fundamental para la planificación de presupuestos operativos y modelos de pricing.,El KPI Ingreso Promedio por Estudiante (Revenue Per Student) se calcula dividiendo ingresos totales entre la matrícula. Es de impacto POSITIVO para la eficiencia económica. Un aumento sostenido vía servicios agregados mejora la rentabilidad institucional; su reducción puede indicar guerras de precios o baja captura de valor.
Número Total de Estudiantes Matriculados (Matrícula Total),POSITIVO / CAPACIDAD (Maximizar dentro de la capacidad instalada),Aumentar hasta la capacidad óptima del campus o plataforma,Conteo total de alumnos con matrícula financiera y académica activa en el periodo lectivo.,Volumen absoluto de alumnos inscritos en la institución. Es la variable de escala primordial que determina la magnitud operativa y financiera.,"SI AUMENTA: Refleja alta demanda, crecimiento de mercado y garantiza los ingresos operativos principales de la institución. SI DISMINUYE (Caída de matrícula): Genera déficit presupuestario, riesgo de despidos docentes y pérdida de escala operativa.","Determina las decisiones de expansión de campus, contratación masiva y proyecciones presupuestarias anuales.",El KPI Matrícula Total de Estudiantes (Student Enrollment Numbers) mide el volumen absoluto de alumnos inscritos. Es de impacto POSITIVO (Maximizar). Crecer en matrícula asegura ingresos financieros y escala operativa. Una caída de matriculados alerta sobre pérdida de competitividad de mercado y crisis presupuestaria.
Disponibilidad y Cobertura de Vivienda/Residencias Estudiantiles,POSITIVO (Maximizar cobertura de demanda),Aumentar / Garantizar capacidad suficiente (KPI de Infraestructura de Vida de Campus),(Número de Camas/Plazas Disponibles en Residencias Universitarias / Total de Estudiantes Foráneos/Internacionales que Solicitan Vivienda) * 100.,Porcentaje de la demanda de alojamiento estudiantil que la universidad es capaz de satisfacer con residencias propias o gestionadas.,"SI AUMENTA: Facilita la atracción de estudiantes internacionales y foráneos, fomenta la integración comunitaria y genera ingresos por residencia. SI DISMINUYE (Déficit de vivienda): Frena la llegada de alumnos de fuera de la ciudad y genera insatisfacción por altos costos de arriendo externos.",Fundamenta los planes de desarrollo inmobiliario del campus y alianzas de residencia.,El KPI Disponibilidad de Residencias Estudiantiles (Student Housing Availability) es de impacto POSITIVO. Se calcula como (Plazas Disponibles / Demanda Foránea) * 100. Contar con alta cobertura de vivienda atrae estudiantes extranjeros y foráneos; un déficit de residencias limita el crecimiento de la matrícula internacional.
Uso de Servicios de Salud Mental y Apoyo Psicológico,PUNTO ÓPTIMO / MONITOREO (Equilibrar accesibilidad sin saturación),Garantizar atención oportuna y monitorear causas de estrés,(Número de Estudiantes Únicos que Utilizan los Servicios de Consultoría Psicológica en el Año / Matrícula Total) * 100.,Porcentaje del alumnado que acude a los servicios psicopedagógicos o de salud mental institucionales para recibir asistencia emocional.,"SI AUMENTA LA TASA DE USO: Por un lado indica menor estigma y buena visibilidad de los servicios de apoyo; por otro, puede señalar un incremento en el estrés académico, ansiedad o deterioro del bienestar estudiantil. SI ES MUY BAJO: Puede reflejar desconocimiento o estigma en el uso del servicio.","Informa la contratación de psicólogos, talleres de manejo del estrés e intervenciones preventivas.","El KPI Uso de Salud Mental (Student Mental Health Services Usage) mide la proporción de alumnos en apoyo psicológico. Su interpretación requiere equilibrio: un mayor uso prueba que la ayuda es accesible y sin estigma, pero picos desmedidos alertan sobre sobrecarga académica y crisis de salud mental en el campus."
Tasa de Retención Estudiantil (Persistencia de 1er a 2do Año),POSITIVO (Maximizar),Aumentar / Mantener elevada (KPI Vital de Salud Institucional),(Estudiantes de Primer Año que se Re-matriculan Oficialmente en el Segundo Año / Estudiantes Totales de la Cohorte de Ingreso de Primer Año) * 100.,Porcentaje de estudiantes de primer año que continúan matriculados en la institución al inicio de su segundo año académico. Es el indicador de éxito operacional más crítico en educación.,"SI AUMENTA: Refleja alta satisfacción, buena transición secundaria-universidad, efectivo apoyo académico y salud financiera. SI DISMINUYE: Indica insatisfacción, frustración académica, fallas de integración y provoca una severa pérdida de ingresos futuros por colegiaturas.",Es la métrica reina para evaluar la calidad de la experiencia del estudiante de primer año y orientar programas de tutoría.,El KPI Tasa de Retención Estudiantil (Student Retention Rate) es de polaridad POSITIVA VITAL (Maximizar). Su fórmula es (Re-matriculados de 2do Año / Cohorte Inicial de 1er Año) * 100. Aumentar la retención demuestra adaptación exitosa y calidad educativa. Una caída en retención genera pérdidas financieras inmediatas y señala desatención al alumno.
Puntaje de Satisfacción Estudiantil (NPS / Encuestas),POSITIVO (Maximizar),Aumentar / Mantener en niveles de excelencia (KPI de Experiencia del Usuario),Promedio ponderado de encuestas institucionales anuales de satisfacción (escala 1-5 o Net Promoter Score - NPS estudiantil).,"Evaluación perceptiva de los estudiantes sobre la calidad de la docencia, infraestructura, atención administrativa, vida de campus y tecnología.","SI AUMENTA: Garantiza alta retención, recomendaciones de boca en boca para nuevos aspirantes y buen clima de campus. SI DISMINUYE: Anticipa caídas en la retención, incremento de la deserción y comentarios negativos en redes sociales que dañan el reclutamiento.","Guía los planes de mejora continua en servicios al estudiante, instalaciones e innovación pedagógica.",El KPI Puntaje de Satisfacción Estudiantil (Student Satisfaction Scores) es de impacto POSITIVO (Maximizar). Mide la percepción general mediante encuestas o NPS. Puntuaciones altas garantizan fidelidad estudiantil y buena reputación; puntuaciones bajas son un predictor directo de deserción y deterioro de marca.
Cobertura y Calidad de Servicios de Apoyo Estudiantil,POSITIVO (Maximizar alcance y calidad),Aumentar / Expandir (KPI de Acompañamiento Integral),"Índice que combina el número de programas de apoyo activos (tutorías, empleo, salud, becas) y su tasa de utilización por los estudiantes.","Evalúa el ecosistema no académico de soporte diseñado para remover barreras de aprendizaje, sociales o emocionales en los alumnos.","SI AUMENTA: Eleva directamente las tasas de retención y graduación, protegiendo a estudiantes en riesgo académico o vulnerable. SI DISMINUYE: Deja desprotegidos a los alumnos con dificultades, incrementando la deserción.",Informa las asignaciones presupuestarias a bienestar universitario y centros de éxito estudiantil.,"El KPI Servicios de Apoyo Estudiantil (Student Support Services) es de impacto POSITIVO (Maximizar). Mide la disponibilidad de tutorías, mentorías y orientación laboral. Fortalecer estos servicios reduce directamente el abandono escolar y promueve la equidad en el aprendizaje."
Ratio de Estudiantes por Profesor (Relación Alumno/Docente),NEGATIVO / CONTROL (Minimizar ratio para mayor calidad de atención),Reducir el ratio / Mantener por debajo del límite regulatorio o de acreditación,Número Total de Estudiantes FTE / Número Total de Profesores FTE.,Indica cuántos alumnos corresponden teóricamente a un solo profesor a tiempo completo en la institución. Métrica clave en acreditaciones y rankings.,"SI EL RATIO DISMINUYE (ej. de 25:1 a 12:1): Representa una docencia más personalizada, interacción estrecha, mejor calidad percibida y mayor estatus académico. SI EL RATIO AUMENTA (ej. 40:1): Refleja masificación, saturación de los profesores y deterioro en la calidad de la enseñanza.",Determina las necesidades de contratación docente y es fuertemente ponderado en rankings universitarios como QS y Times Higher Education.,"El KPI Ratio de Estudiantes por Profesor (Student-to-Teacher Ratio) se calcula como (Estudiantes FTE / Profesores FTE). Es un indicador INVERSO: un ratio MÁS BAJO implica MÁS atención individualizada, mayor rigor y mejor posicionamiento internacional. Ratios muy altos señalan masificación y sobrecarga docente."
Tasa de Participación en Programas de Intercambio / Estudio en el Extranjero,POSITIVO (Maximizar internacionalización activa),Aumentar / Incrementar (KPI de Experiencia Global),(Estudiantes que Realizan al Menos un Semestre o Estancia Académica Internacional / Total de Estudiantes Graduados de la Cohorte) * 100.,Porcentaje de alumnos que completan créditos académicos en universidades extranjeras mediante programas de intercambio o movilidad internacional.,"SI AUMENTA: Enriquece las competencias interculturales de los graduados, promueve una perspectiva global y hace atractiva la carrera. SI DISMINUYE: Muestra falta de movilidad, limitación de becas de viaje o pocos convenios internacionales activos.",Informa las políticas de movilidad estudiantil y la gestión de becas para estancias internacionales.,El KPI Participación en Estudio en el Extranjero (Study Abroad Participation Rate) es de impacto POSITIVO (Maximizar). Su fórmula es (Alumnos en Intercambio / Cohorte Graduada) * 100. Aumentar este valor fomenta la internacionalización y mentalidad global de los graduados; una cifra baja denota aislamiento académico.
Tasa de Transferencia / Traslado a Otras Instituciones,DEPENDIENTE DEL CONTEXTO INSTITUCIONAL (Minimizar en universidades de 4 años / Maximizar en Community Colleges),Reducir en programas finales (indica pérdida) / Aumentar en escuelas técnicas articuladas,(Estudiantes que se Trasladan Oficialmente a Otra Universidad antes de Titularse / Matrícula Inicial de la Cohorte) * 100.,Porcentaje de alumnos que abandonan la institución actual para continuar sus estudios en otra universidad o colegio universitario.,"EN UNIVERSIDADES TRADICIONALES DE 4 AÑOS (SI AUMENTA): Es un indicador NEGATIVO de insatisfacción, donde el alumno prefiere otra opción. EN COMMUNITY COLLEGES O TÉCNICAS (SI AUMENTA): Es un indicador POSITIVO de éxito en la articulación hacia la universidad de 4 años.",Informa los acuerdos de articulación curricular y las estrategias de retención académica.,"El KPI Tasa de Transferencia (Transfer Rates) mide el porcentaje de traslados a otras universidades. Su interpretación depende del tipo de institución: en universidades tradicionales un aumento refleja insatisfacción y pérdida de alumnos (fuga), mientras que en institutos técnicos/community colleges un incremento es señal de éxito en la articulación académica."
Nivel de Adopción de Analítica de Aprendizaje (Learning Analytics),POSITIVO (Maximizar uso de datos),Aumentar / Incrementar (KPI de Innovación Tecnológica Educativa),Porcentaje de asignaturas/docentes que utilizan herramientas de analítica predictiva de datos en el LMS para personalizar la enseñanza y emitir alertas tempranas.,Mide la extensión con la que la institución utiliza datos masivos e inteligencia de datos para monitorear el progreso del alumno y adaptar las intervenciones docentes.,"SI AUMENTA: Permite decisiones pedagógicas basadas en evidencia, detección precoz de reprobación y personalización del aprendizaje. SI DISMINUYE O ES NULO: Muestra una gestión intuitiva y reactiva, desaprovechando los datos educativos disponibles.","Informa las inversiones en tecnología educativa (EdTech), formación en ciencia de datos para docentes y sistemas de alerta temprana.",El KPI Uso de Analítica de Aprendizaje (Use of Learning Analytics) es de impacto POSITIVO (Maximizar). Mide la integración de herramientas de data analytics en el proceso educativo. Su adopción permite intervenciones pedagógicas preventivas basadas en datos; su ausencia retrasa la respuesta ante alumnos en riesgo académico.
Crecimiento Interanual de Nuevas Admisiones (YoY Admissions),POSITIVO (Maximizar crecimiento sostenible),Aumentar / Crecer sosteniblemente (KPI de Dinamismo y Demanda Comercial),((Nuevos Estudiantes Admitidos e Inscritos en el Año Actual - Nuevos Admitidos en el Año Anterior) / Nuevos Admitidos en el Año Anterior) * 100.,Tasa de variación porcentual en la cantidad de nuevos alumnos ingresantes de un año académico con respecto al año inmediatamente anterior.,"SI ES POSITIVO Y CRECIENTE: Demuestra expansión de mercado, mayor atracción comercial y saludable reposición de cohortes. SI ES NEGATIVO (Decrecimiento): Alerta sobre pérdida de cuota de mercado, envejecimiento de la oferta o deterioro de la reputación de la institución.","Fundamenta las estrategias de marketing educativo, captación de estudiantes y proyecciones de ingresos de nuevo ingreso.",El KPI Crecimiento Interanual de Admisiones (Year on Year Growth in Admissions) se calcula como ((Admitidos Año Actual - Admitidos Año Anterior) / Admitidos Año Anterior) * 100. Es de polaridad POSITIVA. Un crecimiento sostenido evidencia alta demanda y fortaleza comercial; un crecimiento negativo señala contracción de mercado y pérdida de atractivo.
