respondent_id,profile_id,edad,genero,carrera,semestre,promedio,empleo,horas_estudio,situacion_economica,apoyo_familiar,q1,q2,q3,q4,q5,q6,q7,q8,q9,q10
r_0001,estudiante_trabajador,20,Femenino,Ingeniería Civil,6,7.5,Sí,5,Media,Medio,"No, pero me interesa",3,3,"Sí, algunas veces",Podría necesitarlo,3,3,No,No sé,
r_0002,riesgo_abandono,21,Masculino,Ingeniería Industrial,4,5.7,Sí,6,Media-baja,Bajo,No me interesa,1,3,"Sí, con frecuencia","Sí, necesito alojamiento",2,2,Sí,Algo mayor,
r_0003,alta_satisfaccion,22,Masculino,Contaduría,6,7.9,No,10,Media,Bajo,No me interesa,3,4,Prefiero no responder,Prefiero no responder,3,4,Sí,Algo menor,
r_0004,estudiante_trabajador,23,Femenino,Arquitectura,7,7.9,Sí,9,Media-baja,Medio,"Sí, presencial",3,3,"Sí, con frecuencia",Prefiero no responder,3,4,No,Algo mayor,
r_0005,estres_elevado,20,Masculino,Contaduría,3,6.9,Sí,13,Media-alta,Medio,"No, pero me interesa",2,3,"Sí, con frecuencia",No lo necesito,2,4,Sí,Algo mayor,
r_0006,alto_rendimiento,23,Masculino,Derecho,6,9.6,No,20,Media,Alto,"No, pero me interesa",4,4,Prefiero no responder,Prefiero no responder,4,4,No,Similar,
r_0007,riesgo_abandono,20,Femenino,Derecho,6,6.8,No,3,Media-baja,Nulo,Estoy preparando una solicitud,2,3,"Sí, algunas veces",No lo necesito,4,3,Sí,Similar,
r_0008,desempeno_promedio,22,Femenino,Derecho,4,7.5,No,10,Media,Alto,No me interesa,3,2,No,No lo necesito,1,4,Sí,Similar,
r_0009,alto_rendimiento,23,Femenino,Administración,8,9.1,Sí,15,Media-baja,Medio,"No, pero me interesa",4,4,No,Podría necesitarlo,3,4,Sí,No sé,
r_0010,desempeno_promedio,18,Femenino,Biología,2,7.6,Sí,10,Media,Medio,"No, pero me interesa",1,4,Prefiero no responder,No lo necesito,3,3,Sí,Algo menor,
r_0011,desempeno_promedio,20,Femenino,Derecho,1,7.5,No,12,Media,Alto,No me interesa,2,2,No,No lo necesito,4,3,No,Similar,
r_0012,alta_satisfaccion,22,Masculino,Derecho,6,7.9,No,8,Media-alta,Medio,"No, pero me interesa",5,4,"Sí, con frecuencia",No lo necesito,4,5,No estoy seguro/a,Similar,
r_0013,estres_elevado,22,Masculino,Administración,3,7.9,Sí,14,Baja,Bajo,"No, pero me interesa",3,3,"Sí, con frecuencia",No lo necesito,3,4,No,Algo mayor,
r_0014,riesgo_abandono,23,Masculino,Derecho,5,6.9,Sí,6,Baja,Bajo,"No, pero me interesa",2,1,"Sí, algunas veces",Podría necesitarlo,3,4,No,Algo mayor,
r_0015,alto_rendimiento,26,Masculino,Psicología,8,8.6,No,20,Alta,Medio,"No, pero me interesa",3,4,Prefiero no responder,"Sí, necesito alojamiento",3,5,Sí,Similar,
r_0016,alto_rendimiento,25,Femenino,Enfermería,11,9.0,No,10,Media-alta,Bajo,No me interesa,4,4,"Sí, algunas veces",Prefiero no responder,4,4,Sí,Similar,
r_0017,problemas_financieros,21,Femenino,Ingeniería en Sistemas Computacionales,5,8.4,No,9,Media-baja,Nulo,No me interesa,1,3,No,"Sí, necesito alojamiento",1,3,Prefiero no responder,Algo menor,
r_0018,riesgo_abandono,20,Femenino,Biología,6,6.7,Sí,7,Baja,Bajo,"No, pero me interesa",2,2,"Sí, con frecuencia",Prefiero no responder,2,1,No,Algo menor,
r_0019,alto_rendimiento,21,Femenino,Arquitectura,4,9.0,No,21,Media,Alto,No me interesa,3,5,No,Podría necesitarlo,4,4,Sí,Similar,
r_0020,estudiante_trabajador,27,Prefiero no responder,Derecho,12,8.3,Sí,9,Media,Medio,"No, pero me interesa",3,4,"Sí, algunas veces",No lo necesito,4,2,No,Algo mayor,
r_0021,alta_satisfaccion,21,Femenino,Derecho,3,8.3,Sí,9,Alta,Bajo,"No, pero me interesa",4,5,No,No lo necesito,3,5,No,Algo mayor,
r_0022,estudiante_trabajador,25,Femenino,Administración,7,8.7,Sí,7,Media,Medio,No me interesa,2,4,No,"Sí, necesito alojamiento",4,4,Sí,Algo menor,
r_0023,desempeno_promedio,24,Femenino,Derecho,5,7.2,No,6,Media-alta,Alto,"No, pero me interesa",3,4,"Sí, algunas veces",No lo necesito,4,4,No estoy seguro/a,Similar,
r_0024,estudiante_trabajador,20,Femenino,Nutrición,4,6.1,Sí,9,Baja,Alto,"No, pero me interesa",3,4,"Sí, algunas veces",Prefiero no responder,3,3,No,Similar,
r_0025,problemas_financieros,23,Masculino,Contaduría,9,9.0,Sí,9,Baja,Alto,No me interesa,2,3,Prefiero no responder,Prefiero no responder,2,4,Sí,Similar,
r_0026,desempeno_promedio,22,Femenino,Comunicación,7,7.7,Sí,11,Media,Medio,No me interesa,2,4,No,Podría necesitarlo,5,4,No,Mucho mayor,
r_0027,estudiante_trabajador,23,Femenino,Ingeniería Civil,7,8.1,Sí,11,Media-baja,Bajo,"No, pero me interesa",2,2,"Sí, algunas veces",Prefiero no responder,3,3,No,Mucho menor,
r_0028,estres_elevado,21,Femenino,Derecho,4,7.1,No,14,Media-baja,Medio,"No, pero me interesa",4,3,"Sí, con frecuencia","Sí, necesito alojamiento",2,2,No,Algo mayor,
r_0029,estres_elevado,20,Masculino,Ingeniería Industrial,6,7.3,Sí,18,Media-alta,Bajo,No me interesa,1,3,No,No lo necesito,3,2,No,Similar,
r_0030,estudiante_trabajador,19,Femenino,Enfermería,3,8.5,Sí,4,Media-baja,Medio,No me interesa,3,2,No,"Sí, necesito alojamiento",2,3,No,Mucho menor,
r_0031,desempeno_promedio,22,Femenino,Medicina,7,7.7,No,5,Media,Medio,"No, pero me interesa",2,4,"Sí, algunas veces",No lo necesito,4,4,No estoy seguro/a,Similar,
r_0032,desempeno_promedio,25,Masculino,Arquitectura,6,8.4,No,11,Media-alta,Medio,"No, pero me interesa",2,4,No,Podría necesitarlo,2,3,Prefiero no responder,Similar,
r_0033,alto_compromiso,20,Masculino,Medicina,1,8.8,Sí,9,Media-alta,Alto,"Sí, virtual",5,4,"Sí, algunas veces",No lo necesito,4,4,No,Similar,
r_0034,riesgo_abandono,20,Femenino,Derecho,7,6.7,Sí,3,Baja,Alto,"Sí, virtual",3,2,No,"Sí, necesito alojamiento",2,2,No,Similar,
r_0035,estudiante_trabajador,21,Femenino,Medicina,5,8.1,Sí,10,Media-baja,Nulo,Estoy preparando una solicitud,2,4,"Sí, con frecuencia",No lo necesito,3,3,No,Similar,
r_0036,desempeno_promedio,27,Masculino,Arquitectura,12,7.7,Sí,5,Media-alta,Alto,"No, pero me interesa",3,3,"Sí, con frecuencia",No lo necesito,2,3,No,Algo mayor,
r_0037,problemas_financieros,23,Femenino,Comunicación,4,7.5,Sí,2,Baja,Bajo,"No, pero me interesa",2,3,No,No lo necesito,2,3,No,Mucho menor,
r_0038,bajo_compromiso,22,Femenino,Pedagogía,6,7.2,No,4,Media,Alto,No me interesa,1,2,"Sí, algunas veces",Podría necesitarlo,2,4,No estoy seguro/a,Mucho mayor,
r_0039,estudiante_trabajador,20,Femenino,Nutrición,1,7.1,Sí,5,Media,Medio,"No, pero me interesa",2,4,"Sí, algunas veces",No lo necesito,4,5,No,Similar,
r_0040,alto_compromiso,22,Masculino,Derecho,7,9.0,No,22,Media,Alto,"No, pero me interesa",4,3,"Sí, algunas veces",Prefiero no responder,3,4,No,Similar,
r_0041,bajo_compromiso,22,Femenino,Comunicación,1,6.5,No,5,Media-baja,Bajo,"No, pero me interesa",2,3,"Sí, algunas veces",No lo necesito,5,3,No,Algo mayor,
r_0042,problemas_financieros,26,Femenino,Derecho,8,7.5,Sí,10,Media,Medio,No me interesa,3,3,No,No lo necesito,1,2,Sí,Similar,
r_0043,desempeno_promedio,25,Femenino,Medicina,9,7.9,No,16,Media,Medio,No me interesa,2,3,"Sí, algunas veces",No lo necesito,3,5,No,Algo menor,
r_0044,bajo_compromiso,21,Femenino,Medicina,1,8.0,Sí,3,Media-baja,Nulo,No me interesa,2,3,No,No lo necesito,2,3,No,Similar,
r_0045,problemas_financieros,19,Masculino,Pedagogía,4,7.6,Sí,8,Baja,Nulo,"No, pero me interesa",1,1,"Sí, algunas veces","Sí, necesito alojamiento",1,3,No estoy seguro/a,Mucho mayor,
r_0046,estudiante_trabajador,24,Masculino,Ingeniería en Sistemas Computacionales,10,7.5,Sí,7,Media-alta,Nulo,"No, pero me interesa",3,3,No,No lo necesito,3,2,No,Similar,
r_0047,desempeno_promedio,24,Femenino,Contaduría,6,7.1,Sí,7,Media-alta,Bajo,"No, pero me interesa",3,3,No,Prefiero no responder,4,3,No estoy seguro/a,Algo mayor,
r_0048,estres_elevado,19,Masculino,Arquitectura,1,7.7,No,12,Media-baja,Medio,"Sí, presencial",2,3,"Sí, con frecuencia",No lo necesito,2,2,No,Algo mayor,
r_0049,baja_satisfaccion,25,Masculino,Administración,8,6.7,Sí,12,Media-baja,Medio,"No, pero me interesa",2,2,No,No lo necesito,3,2,No,Similar,
r_0050,riesgo_abandono,20,Femenino,Contaduría,6,6.5,Sí,3,Baja,Bajo,No me interesa,2,1,"Sí, con frecuencia",Podría necesitarlo,2,3,No estoy seguro/a,Algo mayor,
r_0051,alta_satisfaccion,23,Femenino,Arquitectura,6,9.0,No,13,Media-baja,Medio,"No, pero me interesa",3,4,"Sí, algunas veces",No lo necesito,2,5,Sí,Similar,
r_0052,bajo_compromiso,21,Femenino,Administración,7,7.1,No,6,Media,Nulo,No me interesa,3,3,"Sí, con frecuencia",Podría necesitarlo,2,2,Prefiero no responder,Algo mayor,
r_0053,riesgo_abandono,23,Femenino,Nutrición,5,6.7,Sí,5,Media,Nulo,"No, pero me interesa",3,3,"Sí, con frecuencia","Sí, necesito alojamiento",3,3,No,Similar,
r_0054,problemas_financieros,25,Femenino,Contaduría,7,8.0,Sí,8,Media,Nulo,"No, pero me interesa",2,2,No,No lo necesito,1,4,No estoy seguro/a,Similar,
r_0055,alta_satisfaccion,22,Masculino,Ingeniería Industrial,7,9.2,Sí,12,Media,Medio,"No, pero me interesa",3,4,No,Prefiero no responder,3,5,Sí,Similar,
r_0056,estudiante_trabajador,20,Femenino,Arquitectura,3,7.8,Sí,11,Media-baja,Bajo,No me interesa,2,3,Prefiero no responder,No lo necesito,3,4,No,Mucho menor,
r_0057,desempeno_promedio,26,Femenino,Biología,12,7.9,Sí,6,Media-baja,Alto,"No, pero me interesa",4,4,No,No lo necesito,4,3,No,Similar,
r_0058,alto_rendimiento,21,Masculino,Administración,1,9.5,No,19,Media-alta,Medio,No me interesa,3,5,No,No lo necesito,4,5,No,Similar,
r_0059,riesgo_abandono,21,Femenino,Derecho,6,7.0,Sí,0,Baja,Bajo,"No, pero me interesa",2,3,No,No lo necesito,3,3,No,Algo mayor,
r_0060,estres_elevado,19,Masculino,Derecho,2,8.4,No,13,Baja,Medio,"No, pero me interesa",4,4,"Sí, con frecuencia",Prefiero no responder,3,2,Prefiero no responder,Algo mayor,
r_0061,alta_satisfaccion,20,Masculino,Arquitectura,7,7.4,No,17,Media-alta,Medio,No me interesa,4,5,No,Podría necesitarlo,3,5,Sí,Similar,
r_0062,alto_rendimiento,26,Masculino,Comunicación,11,10.0,No,19,Media,Alto,No me interesa,3,4,No,Podría necesitarlo,3,3,No,Algo mayor,
r_0063,alto_rendimiento,20,Masculino,Biología,3,9.2,No,18,Media,Medio,No me interesa,4,5,No,No lo necesito,3,4,No estoy seguro/a,Algo menor,
r_0064,desempeno_promedio,21,Femenino,Biología,5,8.1,No,10,Media-baja,Alto,"No, pero me interesa",3,3,No,No lo necesito,3,4,No,Similar,
r_0065,desempeno_promedio,25,Femenino,Derecho,11,7.4,No,9,Media-alta,Medio,"No, pero me interesa",4,4,Prefiero no responder,No lo necesito,3,4,Sí,Similar,
r_0066,estudiante_trabajador,23,Femenino,Psicología,6,7.2,Sí,3,Baja,Bajo,No me interesa,3,3,"Sí, algunas veces",No lo necesito,3,2,Sí,Similar,
r_0067,alto_compromiso,23,Masculino,Biología,8,9.4,Sí,20,Media-baja,Medio,"Sí, presencial",5,4,"Sí, algunas veces",No lo necesito,4,4,No,Similar,
r_0068,desempeno_promedio,20,Masculino,Enfermería,3,7.9,Sí,4,Media-baja,Medio,"No, pero me interesa",3,4,No,Prefiero no responder,4,3,Prefiero no responder,Similar,
r_0069,alto_rendimiento,19,Masculino,Administración,1,9.0,No,15,Media,Medio,"No, pero me interesa",4,3,No,Podría necesitarlo,3,4,Sí,Algo mayor,
r_0070,alto_rendimiento,20,Femenino,Arquitectura,5,9.2,No,15,Media,Alto,"No, pero me interesa",3,5,No,No lo necesito,4,4,Sí,Similar,
r_0071,problemas_financieros,26,Femenino,Ingeniería Industrial,12,6.8,No,11,Baja,Bajo,"No, pero me interesa",3,3,No,Prefiero no responder,2,3,Sí,Similar,
r_0072,riesgo_abandono,22,Femenino,Pedagogía,8,6.9,No,3,Baja,Bajo,"No, pero me interesa",1,3,"Sí, con frecuencia",Podría necesitarlo,3,2,No,Similar,
r_0073,riesgo_abandono,21,Femenino,Ingeniería Civil,5,6.9,No,7,Media-alta,Nulo,"Sí, presencial",2,2,"Sí, algunas veces",Podría necesitarlo,4,2,Sí,Similar,
r_0074,alto_rendimiento,18,Masculino,Ingeniería Industrial,1,8.9,No,15,Media,Alto,"No, pero me interesa",4,5,No,No lo necesito,4,5,Prefiero no responder,Similar,
r_0075,alto_compromiso,21,Femenino,Ingeniería Industrial,1,8.8,Sí,15,Media,Alto,"No, pero me interesa",4,4,Prefiero no responder,Podría necesitarlo,3,4,Sí,Mucho menor,
r_0076,desempeno_promedio,23,Femenino,Medicina,9,8.0,No,10,Media,Bajo,"No, pero me interesa",1,3,No,Podría necesitarlo,4,3,Sí,Similar,
r_0077,problemas_financieros,21,Femenino,Ingeniería en Sistemas Computacionales,4,7.4,Sí,10,Baja,Bajo,No me interesa,3,3,"Sí, algunas veces",Podría necesitarlo,1,2,Prefiero no responder,Mucho mayor,
r_0078,estudiante_trabajador,21,Femenino,Derecho,9,7.3,Sí,8,Media-alta,Nulo,No me interesa,2,3,"Sí, algunas veces",Podría necesitarlo,4,2,No,Similar,
r_0079,estudiante_trabajador,19,Masculino,Ingeniería Industrial,4,8.0,Sí,12,Media,Bajo,No me interesa,2,3,"Sí, con frecuencia","Sí, necesito alojamiento",2,3,No estoy seguro/a,Similar,
r_0080,estudiante_trabajador,20,Femenino,Arquitectura,1,7.5,Sí,4,Media-baja,Bajo,No me interesa,1,4,"Sí, algunas veces",No lo necesito,3,4,No,Algo mayor,
r_0081,problemas_financieros,20,Femenino,Biología,6,7.3,Sí,7,Media-baja,Bajo,"Sí, virtual",3,3,"Sí, con frecuencia",No lo necesito,2,3,No,Similar,
r_0082,alto_rendimiento,20,Femenino,Contaduría,3,9.1,No,24,Media,Bajo,"No, pero me interesa",4,4,"Sí, algunas veces",No lo necesito,3,4,No,Mucho menor,
r_0083,desempeno_promedio,20,Masculino,Administración,5,7.5,No,9,Media-alta,Medio,"No, pero me interesa",2,4,Prefiero no responder,"Sí, necesito alojamiento",4,3,Sí,Similar,
r_0084,estudiante_trabajador,24,Masculino,Derecho,9,7.9,Sí,5,Media-baja,Medio,"No, pero me interesa",2,3,"Sí, con frecuencia",No lo necesito,2,3,Sí,Mucho menor,
r_0085,bajo_compromiso,22,Masculino,Comunicación,5,6.9,No,5,Media-baja,Alto,"No, pero me interesa",2,3,No,Podría necesitarlo,2,2,No,Algo mayor,
r_0086,desempeno_promedio,22,Masculino,Psicología,6,8.5,No,13,Media,Alto,"No, pero me interesa",2,5,"Sí, algunas veces",No lo necesito,4,4,No estoy seguro/a,Similar,
r_0087,alto_rendimiento,23,Femenino,Medicina,7,8.8,No,16,Media,Alto,"No, pero me interesa",3,4,No,No lo necesito,3,4,No,Algo mayor,
r_0088,desempeno_promedio,22,Masculino,Derecho,3,8.0,Sí,13,Media,Medio,"No, pero me interesa",1,3,"Sí, algunas veces","Sí, necesito alojamiento",4,5,No,Mucho menor,
r_0089,alto_rendimiento,21,Masculino,Derecho,3,8.6,Sí,17,Baja,Medio,"No, pero me interesa",4,5,No,"Sí, necesito alojamiento",3,4,No,Similar,
r_0090,riesgo_abandono,20,Prefiero no responder,Psicología,3,5.4,Sí,3,Baja,Bajo,"No, pero me interesa",1,2,"Sí, con frecuencia",Podría necesitarlo,3,2,Sí,Algo menor,
r_0091,alto_rendimiento,26,Femenino,Ingeniería Civil,11,8.9,No,10,Media-alta,Medio,No me interesa,5,4,"Sí, algunas veces",No lo necesito,4,4,No estoy seguro/a,Mucho mayor,
r_0092,bajo_compromiso,22,Femenino,Biología,6,6.6,Sí,5,Media,Bajo,No me interesa,2,3,Prefiero no responder,No lo necesito,2,3,No,Similar,
r_0093,alto_rendimiento,22,Femenino,Enfermería,9,8.5,No,21,Media,Medio,No me interesa,4,4,No,Podría necesitarlo,4,5,No,Similar,
r_0094,estudiante_trabajador,23,Femenino,Administración,4,7.3,Sí,6,Media-baja,Medio,"No, pero me interesa",2,5,"Sí, algunas veces",Podría necesitarlo,3,4,Sí,Mucho menor,
r_0095,bajo_compromiso,20,Masculino,Contaduría,7,7.2,No,8,Baja,Medio,"No, pero me interesa",4,3,Prefiero no responder,Podría necesitarlo,3,2,Prefiero no responder,Algo menor,
r_0096,desempeno_promedio,24,Masculino,Comunicación,8,7.6,No,8,Media-alta,Medio,"No, pero me interesa",2,3,No,No lo necesito,3,5,No,Algo menor,
r_0097,baja_satisfaccion,18,Masculino,Pedagogía,3,7.8,No,8,Media-baja,Nulo,"Sí, virtual",1,2,"Sí, con frecuencia","Sí, necesito alojamiento",3,1,No,Mucho menor,
r_0098,riesgo_abandono,22,Prefiero no responder,Contaduría,5,7.1,Sí,1,Media,Nulo,"No, pero me interesa",2,2,"Sí, algunas veces","Sí, necesito alojamiento",4,3,Sí,Algo mayor,
r_0099,estudiante_trabajador,18,Femenino,Enfermería,1,8.0,Sí,7,Media,Nulo,"No, pero me interesa",3,3,"Sí, algunas veces",Podría necesitarlo,3,2,No,Algo menor,
r_0100,problemas_financieros,21,Masculino,Derecho,3,7.7,Sí,9,Media-baja,Bajo,No me interesa,2,4,"Sí, algunas veces","Sí, necesito alojamiento",1,3,No estoy seguro/a,Algo mayor,
r_0101,alto_rendimiento,21,Masculino,Ingeniería Industrial,3,8.7,No,22,Media-baja,Medio,No me interesa,4,5,"Sí, algunas veces",No lo necesito,3,4,No,Algo mayor,
r_0102,desempeno_promedio,20,Masculino,Ingeniería Industrial,5,7.9,Sí,14,Media,Medio,No me interesa,2,4,Prefiero no responder,Podría necesitarlo,4,4,Prefiero no responder,Similar,
r_0103,desempeno_promedio,26,Femenino,Ingeniería Industrial,8,7.3,Sí,12,Media-alta,Medio,Estoy preparando una solicitud,3,5,No,Podría necesitarlo,5,3,No,No sé,
r_0104,desempeno_promedio,24,Masculino,Psicología,6,7.4,No,13,Media-baja,Alto,"No, pero me interesa",2,3,No,Podría necesitarlo,4,2,No,Similar,
r_0105,desempeno_promedio,20,Masculino,Ingeniería en Sistemas Computacionales,6,7.6,No,11,Media-baja,Bajo,No me interesa,2,3,"Sí, algunas veces",Podría necesitarlo,4,3,Sí,Algo mayor,
r_0106,problemas_financieros,22,Masculino,Enfermería,2,6.7,No,6,Baja,Nulo,"No, pero me interesa",2,3,"Sí, algunas veces",No lo necesito,1,2,Sí,Algo mayor,
r_0107,desempeno_promedio,24,Femenino,Psicología,9,8.2,No,10,Media-baja,Bajo,No me interesa,2,3,"Sí, algunas veces","Sí, necesito alojamiento",5,3,No estoy seguro/a,Similar,
r_0108,desempeno_promedio,24,Femenino,Psicología,7,8.3,No,10,Media,Medio,"No, pero me interesa",2,5,Prefiero no responder,Podría necesitarlo,3,4,Prefiero no responder,Algo mayor,
r_0109,estudiante_trabajador,19,Femenino,Derecho,5,9.2,Sí,14,Baja,Bajo,"No, pero me interesa",1,2,"Sí, algunas veces",No lo necesito,3,3,Sí,Algo menor,
r_0110,estudiante_trabajador,21,Masculino,Administración,3,7.1,Sí,8,Media-baja,Nulo,"Sí, presencial",2,2,"Sí, algunas veces","Sí, necesito alojamiento",3,4,Sí,Algo menor,
r_0111,problemas_financieros,23,Masculino,Administración,7,7.3,Sí,4,Media-baja,Medio,"No, pero me interesa",2,2,Prefiero no responder,No lo necesito,1,3,Sí,Algo mayor,
r_0112,desempeno_promedio,23,Femenino,Ingeniería Civil,5,7.8,No,8,Media-baja,Medio,"No, pero me interesa",3,3,"Sí, algunas veces","Sí, necesito alojamiento",3,3,Sí,Algo mayor,
r_0113,problemas_financieros,22,Femenino,Ingeniería Civil,8,7.3,Sí,16,Media-baja,Bajo,"Sí, presencial",2,3,No,No lo necesito,1,1,No,Mucho menor,
r_0114,problemas_financieros,22,Femenino,Medicina,7,7.8,Sí,6,Media,Bajo,Estoy preparando una solicitud,3,4,"Sí, algunas veces",Podría necesitarlo,3,2,No,Similar,
r_0115,bajo_compromiso,23,Femenino,Derecho,6,7.8,Sí,3,Media,Bajo,No me interesa,2,3,No,Podría necesitarlo,2,3,No,Algo mayor,
r_0116,desempeno_promedio,21,Masculino,Contaduría,4,7.5,No,10,Media,Medio,"No, pero me interesa",2,4,"Sí, algunas veces",No lo necesito,3,4,No,Similar,
r_0117,estres_elevado,21,Femenino,Derecho,4,8.1,No,13,Media,Bajo,Estoy preparando una solicitud,3,2,"Sí, algunas veces",Podría necesitarlo,2,2,No estoy seguro/a,Algo mayor,
r_0118,problemas_financieros,21,Femenino,Ingeniería Civil,9,6.9,No,11,Media-baja,Bajo,"No, pero me interesa",1,3,"Sí, algunas veces",Podría necesitarlo,1,1,No,Mucho mayor,
r_0119,riesgo_abandono,20,Femenino,Derecho,2,7.1,No,4,Baja,Nulo,"No, pero me interesa",2,1,No,No lo necesito,2,2,No estoy seguro/a,Algo menor,
r_0120,estudiante_trabajador,21,Femenino,Derecho,3,8.2,Sí,9,Media-baja,Bajo,"No, pero me interesa",3,3,No,Prefiero no responder,3,4,Prefiero no responder,Mucho menor,
r_0121,desempeno_promedio,23,Femenino,Comunicación,2,7.4,No,6,Alta,Bajo,"Sí, presencial",2,2,Prefiero no responder,"Sí, necesito alojamiento",3,4,No,Similar,
r_0122,desempeno_promedio,20,Masculino,Enfermería,3,8.5,Sí,12,Alta,Medio,Estoy preparando una solicitud,2,3,"Sí, algunas veces",Prefiero no responder,3,4,No,Algo mayor,
r_0123,problemas_financieros,21,Masculino,Contaduría,5,7.4,Sí,8,Baja,Bajo,"No, pero me interesa",2,3,"Sí, algunas veces",Podría necesitarlo,1,3,Sí,Algo menor,
r_0124,desempeno_promedio,21,Femenino,Contaduría,6,7.7,No,11,Media,Medio,"No, pero me interesa",2,3,No,No lo necesito,4,4,No,Algo menor,
r_0125,alta_satisfaccion,26,Masculino,Ingeniería en Sistemas Computacionales,11,8.3,No,10,Media,Alto,No me interesa,4,4,No,No lo necesito,3,5,No,Algo mayor,
r_0126,estres_elevado,24,Masculino,Derecho,7,7.9,No,10,Media-baja,Alto,No me interesa,3,3,"Sí, algunas veces",No lo necesito,3,3,No estoy seguro/a,Similar,
r_0127,desempeno_promedio,20,Masculino,Psicología,2,8.2,No,12,Media,Medio,"No, pero me interesa",3,4,No,No lo necesito,4,4,Sí,Similar,
r_0128,problemas_financieros,19,Femenino,Derecho,5,6.5,No,5,Baja,Nulo,"No, pero me interesa",2,2,"Sí, algunas veces","Sí, necesito alojamiento",1,3,No,Algo mayor,
r_0129,riesgo_abandono,22,Masculino,Medicina,3,6.4,Sí,0,Baja,Nulo,"No, pero me interesa",1,1,"Sí, con frecuencia",Podría necesitarlo,3,2,Sí,Mucho menor,
r_0130,estres_elevado,22,Femenino,Comunicación,6,6.6,No,11,Media-baja,Medio,No me interesa,2,2,"Sí, con frecuencia",No lo necesito,4,2,Sí,Similar,
r_0131,desempeno_promedio,24,Masculino,Ingeniería Industrial,5,8.2,No,10,Media-alta,Medio,No me interesa,4,4,Prefiero no responder,No lo necesito,4,3,No estoy seguro/a,Mucho mayor,
r_0132,alta_satisfaccion,22,Femenino,Medicina,5,8.4,No,12,Media,Bajo,"No, pero me interesa",3,5,No,"Sí, necesito alojamiento",3,4,No,No sé,
r_0133,desempeno_promedio,21,Femenino,Derecho,4,7.6,No,8,Media,Medio,"No, pero me interesa",2,3,"Sí, algunas veces",Podría necesitarlo,3,3,No,Algo menor,
r_0134,bajo_compromiso,21,Femenino,Arquitectura,6,7.3,Sí,6,Media,Medio,No me interesa,1,3,No,No lo necesito,3,3,No,Algo mayor,
r_0135,alta_satisfaccion,25,Femenino,Derecho,10,8.9,No,12,Media-baja,Medio,"No, pero me interesa",3,5,No,No lo necesito,4,5,Prefiero no responder,Mucho mayor,
r_0136,riesgo_abandono,24,Masculino,Pedagogía,9,6.6,Sí,5,Media,Medio,"No, pero me interesa",3,1,"Sí, algunas veces","Sí, necesito alojamiento",2,3,No,Similar,
r_0137,riesgo_abandono,19,Femenino,Contaduría,2,6.3,No,6,Media,Bajo,"No, pero me interesa",1,1,No,No lo necesito,3,2,No estoy seguro/a,Algo mayor,
r_0138,estres_elevado,23,Femenino,Psicología,5,7.8,Sí,17,Media-baja,Nulo,"No, pero me interesa",4,3,"Sí, con frecuencia",No lo necesito,3,3,Sí,No sé,
r_0139,riesgo_abandono,21,Masculino,Enfermería,7,7.3,Sí,4,Media,Nulo,"No, pero me interesa",2,4,"Sí, algunas veces",No lo necesito,3,2,No,Algo mayor,
r_0140,alta_satisfaccion,24,Femenino,Medicina,5,9.2,No,8,Media,Medio,"No, pero me interesa",4,5,"Sí, con frecuencia",No lo necesito,2,5,Sí,Mucho menor,
r_0141,desempeno_promedio,23,Masculino,Arquitectura,6,6.8,Sí,7,Media-baja,Alto,"No, pero me interesa",4,2,"Sí, algunas veces",Podría necesitarlo,3,4,No,Mucho menor,
r_0142,riesgo_abandono,21,Masculino,Pedagogía,3,6.7,No,0,Media,Nulo,"No, pero me interesa",2,1,"Sí, con frecuencia",Podría necesitarlo,1,2,No,Algo menor,
r_0143,problemas_financieros,21,Masculino,Administración,4,6.5,No,3,Media,Bajo,No me interesa,2,4,"Sí, con frecuencia",Prefiero no responder,2,4,No,Algo mayor,
r_0144,desempeno_promedio,21,Femenino,Medicina,6,7.0,Sí,17,Media-baja,Bajo,No me interesa,2,4,"Sí, algunas veces",No lo necesito,3,3,No,Algo mayor,
r_0145,desempeno_promedio,20,Masculino,Medicina,3,8.5,No,12,Media,Bajo,No me interesa,3,4,"Sí, con frecuencia","Sí, necesito alojamiento",2,2,No,Similar,
r_0146,desempeno_promedio,24,Masculino,Psicología,10,7.7,No,8,Media-alta,Bajo,No me interesa,3,2,Prefiero no responder,Podría necesitarlo,3,4,Sí,Similar,
r_0147,desempeno_promedio,20,Femenino,Contaduría,4,7.5,Sí,16,Media,Medio,"No, pero me interesa",2,4,"Sí, algunas veces","Sí, necesito alojamiento",4,3,No,Similar,
r_0148,desempeno_promedio,26,Masculino,Psicología,7,7.6,No,9,Media-baja,Nulo,No me interesa,3,3,"Sí, algunas veces",Podría necesitarlo,5,3,No,No sé,
r_0149,alto_rendimiento,25,Femenino,Derecho,12,9.4,Sí,18,Media,Medio,No me interesa,3,3,Prefiero no responder,Podría necesitarlo,4,5,Sí,Algo menor,
r_0150,estres_elevado,21,Prefiero no responder,Derecho,6,8.0,No,12,Media-baja,Bajo,No me interesa,2,3,"Sí, con frecuencia",No lo necesito,2,3,Sí,Algo menor,
r_0151,estres_elevado,21,Femenino,Psicología,3,7.8,Sí,11,Media-baja,Alto,"No, pero me interesa",2,2,"Sí, con frecuencia",No lo necesito,4,3,No,Mucho mayor,
r_0152,baja_satisfaccion,20,Femenino,Derecho,5,8.4,Sí,6,Media,Bajo,No me interesa,1,1,"Sí, algunas veces",Podría necesitarlo,3,2,Sí,Algo menor,
r_0153,problemas_financieros,22,Prefiero no responder,Arquitectura,8,7.9,Sí,13,Media-baja,Alto,No me interesa,3,2,No,Podría necesitarlo,1,3,No,Algo mayor,
r_0154,riesgo_abandono,25,Masculino,Ingeniería Civil,7,6.1,No,3,Baja,Bajo,"Sí, virtual",1,3,"Sí, algunas veces","Sí, necesito alojamiento",3,1,No,Algo menor,
r_0155,alta_satisfaccion,19,Femenino,Enfermería,1,8.9,No,11,Baja,Medio,No me interesa,3,5,No,"Sí, necesito alojamiento",3,5,Sí,Similar,
r_0156,estres_elevado,20,Femenino,Ingeniería Industrial,3,7.2,No,16,Baja,Medio,"Sí, presencial",3,2,"Sí, algunas veces",Prefiero no responder,4,3,No estoy seguro/a,Similar,
r_0157,desempeno_promedio,19,Femenino,Administración,1,8.1,No,16,Baja,Medio,"No, pero me interesa",2,2,"Sí, algunas veces",Podría necesitarlo,4,3,Sí,Similar,
r_0158,alto_rendimiento,20,Masculino,Negocios Internacionales,7,9.6,No,18,Media-baja,Medio,No me interesa,4,4,No,Podría necesitarlo,5,5,No,Algo mayor,
r_0159,desempeno_promedio,21,Femenino,Ingeniería en Sistemas Computacionales,4,7.6,No,13,Media-alta,Alto,"No, pero me interesa",3,3,Prefiero no responder,No lo necesito,4,4,No,Algo mayor,
r_0160,estudiante_trabajador,25,Femenino,Biología,5,7.3,Sí,5,Media-baja,Medio,Estoy preparando una solicitud,2,4,No,No lo necesito,3,2,No,Similar,
r_0161,estres_elevado,21,Femenino,Psicología,5,8.1,Sí,22,Baja,Medio,No me interesa,2,3,No,Podría necesitarlo,2,2,No estoy seguro/a,Algo mayor,
r_0162,alto_rendimiento,22,Femenino,Ingeniería Industrial,6,9.1,Sí,18,Media,Medio,"No, pero me interesa",5,5,No,"Sí, necesito alojamiento",4,3,Sí,Similar,
r_0163,estres_elevado,23,Femenino,Enfermería,10,8.2,Sí,10,Media-baja,Bajo,"No, pero me interesa",2,2,"Sí, con frecuencia",Podría necesitarlo,3,3,Prefiero no responder,Algo mayor,
r_0164,estudiante_trabajador,22,Femenino,Medicina,8,7.7,Sí,3,Media-baja,Bajo,Estoy preparando una solicitud,4,3,"Sí, algunas veces",Podría necesitarlo,2,3,Sí,Similar,
r_0165,desempeno_promedio,23,Femenino,Contaduría,5,7.1,Sí,8,Media-alta,Medio,No me interesa,3,4,Prefiero no responder,No lo necesito,3,5,No estoy seguro/a,Similar,
r_0166,desempeno_promedio,20,Masculino,Ingeniería Industrial,6,8.0,No,8,Media,Alto,"No, pero me interesa",2,4,Prefiero no responder,No lo necesito,2,4,No,Similar,
r_0167,desempeno_promedio,22,Femenino,Contaduría,5,7.9,No,8,Alta,Medio,"No, pero me interesa",4,4,No,No lo necesito,5,3,No,Algo mayor,
r_0168,estres_elevado,25,Femenino,Psicología,11,8.2,No,14,Media,Bajo,"No, pero me interesa",3,4,"Sí, algunas veces",Podría necesitarlo,3,4,No estoy seguro/a,Similar,
r_0169,desempeno_promedio,21,Femenino,Ingeniería Industrial,5,8.0,No,9,Media-baja,Bajo,No me interesa,2,3,No,No lo necesito,2,3,No,Algo mayor,
r_0170,alto_compromiso,21,Masculino,Contaduría,7,9.2,No,11,Media-baja,Medio,"No, pero me interesa",5,4,"Sí, algunas veces","Sí, necesito alojamiento",4,4,No estoy seguro/a,Mucho menor,
r_0171,estudiante_trabajador,24,Femenino,Comunicación,8,8.0,Sí,12,Baja,Alto,"No, pero me interesa",3,3,Prefiero no responder,No lo necesito,2,3,No,Algo mayor,
r_0172,desempeno_promedio,23,Femenino,Contaduría,9,8.6,Sí,7,Baja,Alto,"No, pero me interesa",4,4,No,"Sí, necesito alojamiento",4,4,Prefiero no responder,Similar,
r_0173,riesgo_abandono,19,Femenino,Pedagogía,1,7.1,No,1,Media,Alto,"Sí, presencial",1,3,No,No lo necesito,2,3,No estoy seguro/a,Similar,
r_0174,riesgo_abandono,20,Femenino,Psicología,4,6.1,Sí,3,Media,Alto,"Sí, virtual",2,3,"Sí, algunas veces",No lo necesito,3,2,No,Mucho menor,
r_0175,estudiante_trabajador,23,Masculino,Ingeniería Industrial,5,8.7,Sí,7,Media-baja,Nulo,"No, pero me interesa",2,4,Prefiero no responder,"Sí, necesito alojamiento",2,3,Prefiero no responder,Similar,
r_0176,problemas_financieros,22,Masculino,Administración,5,7.0,No,12,Baja,Medio,No me interesa,2,3,"Sí, algunas veces",No lo necesito,2,3,No,Algo mayor,
r_0177,problemas_financieros,18,Femenino,Ingeniería Industrial,2,7.6,Sí,7,Media-baja,Medio,"No, pero me interesa",2,4,"Sí, con frecuencia","Sí, necesito alojamiento",1,2,No,Algo menor,
r_0178,bajo_compromiso,22,Femenino,Psicología,5,6.8,No,4,Baja,Bajo,"No, pero me interesa",2,2,"Sí, con frecuencia",No lo necesito,2,2,No,No sé,
r_0179,desempeno_promedio,20,Femenino,Contaduría,1,7.6,No,5,Media-baja,Alto,"No, pero me interesa",2,4,"Sí, con frecuencia",No lo necesito,4,3,No,Mucho menor,
r_0180,alto_compromiso,24,Femenino,Ingeniería Civil,8,9.0,Sí,15,Baja,Bajo,No me interesa,5,4,"Sí, algunas veces","Sí, necesito alojamiento",3,5,Sí,Algo menor,
r_0181,estres_elevado,21,Femenino,Enfermería,6,7.7,No,4,Media-baja,Medio,"Sí, virtual",3,3,"Sí, con frecuencia",No lo necesito,4,2,No,Similar,
r_0182,alto_rendimiento,24,Femenino,Comunicación,11,9.2,No,16,Media-alta,Bajo,No me interesa,3,5,"Sí, algunas veces",No lo necesito,4,3,No,Similar,
r_0183,estudiante_trabajador,20,Masculino,Biología,3,7.5,Sí,3,Media,Medio,"No, pero me interesa",3,3,"Sí, algunas veces",No lo necesito,3,2,No,Algo menor,
r_0184,estudiante_trabajador,20,Femenino,Derecho,7,6.9,No,13,Media-baja,Bajo,"No, pero me interesa",2,4,No,"Sí, necesito alojamiento",3,4,Sí,Algo mayor,
r_0185,desempeno_promedio,23,Femenino,Comunicación,8,8.1,Sí,9,Media-alta,Alto,No me interesa,3,2,No,Podría necesitarlo,4,3,No,Similar,
r_0186,alto_compromiso,20,Femenino,Enfermería,4,8.5,No,19,Media-alta,Alto,No me interesa,4,3,No,No lo necesito,4,3,Sí,Algo mayor,
r_0187,estudiante_trabajador,23,Masculino,Biología,8,7.9,Sí,7,Media,Bajo,"Sí, presencial",3,2,"Sí, algunas veces","Sí, necesito alojamiento",3,3,No,Algo mayor,
r_0188,baja_satisfaccion,19,Femenino,Psicología,2,7.1,No,12,Media-baja,Medio,"No, pero me interesa",2,2,"Sí, algunas veces",Prefiero no responder,3,2,No,Algo mayor,
r_0189,bajo_compromiso,19,Masculino,Ingeniería Industrial,2,6.5,Sí,7,Baja,Bajo,"Sí, virtual",2,4,No,No lo necesito,3,3,No,Similar,
r_0190,estudiante_trabajador,23,Femenino,Derecho,9,6.9,Sí,7,Baja,Nulo,"No, pero me interesa",3,2,"Sí, con frecuencia",Podría necesitarlo,3,4,No estoy seguro/a,Similar,
r_0191,alto_rendimiento,25,Masculino,Derecho,8,8.5,No,23,Media,Bajo,"No, pero me interesa",5,4,Prefiero no responder,Podría necesitarlo,3,3,No estoy seguro/a,Algo mayor,
r_0192,baja_satisfaccion,23,Femenino,Contaduría,7,6.5,No,9,Media,Nulo,"No, pero me interesa",4,2,"Sí, algunas veces",No lo necesito,2,1,No,Algo mayor,
r_0193,riesgo_abandono,24,Masculino,Medicina,5,6.3,Sí,5,Baja,Medio,"No, pero me interesa",1,2,No,No lo necesito,3,2,Prefiero no responder,Similar,
r_0194,estres_elevado,21,Femenino,Medicina,4,8.1,Sí,22,Media,Medio,"No, pero me interesa",3,2,"Sí, con frecuencia",No lo necesito,3,2,Sí,Algo menor,
r_0195,desempeno_promedio,20,Femenino,Administración,4,7.9,No,14,Media,Bajo,"Sí, presencial",3,2,"Sí, algunas veces","Sí, necesito alojamiento",3,2,No estoy seguro/a,Algo mayor,
r_0196,alto_rendimiento,25,Femenino,Arquitectura,5,9.9,Sí,13,Media-alta,Alto,No me interesa,3,3,"Sí, algunas veces",No lo necesito,4,3,No,Algo menor,
r_0197,riesgo_abandono,23,Femenino,Negocios Internacionales,7,7.4,No,2,Baja,Bajo,"No, pero me interesa",1,1,"Sí, algunas veces",Podría necesitarlo,2,3,No,Algo mayor,
r_0198,estudiante_trabajador,24,Masculino,Enfermería,8,6.2,Sí,9,Media,Bajo,"Sí, presencial",3,3,"Sí, algunas veces",Podría necesitarlo,2,4,Prefiero no responder,Similar,
r_0199,alto_compromiso,20,Femenino,Ingeniería Civil,5,9.2,No,17,Media-alta,Medio,"No, pero me interesa",4,5,No,Podría necesitarlo,3,4,No estoy seguro/a,Similar,
r_0200,alto_compromiso,23,Masculino,Psicología,7,9.1,No,9,Baja,Medio,"No, pero me interesa",4,3,"Sí, algunas veces","Sí, necesito alojamiento",3,3,No,Algo mayor,
r_0201,alto_compromiso,21,Masculino,Ingeniería Civil,7,9.3,No,15,Media-baja,Medio,No me interesa,5,4,"Sí, algunas veces",Podría necesitarlo,4,5,No estoy seguro/a,Algo mayor,
r_0202,estudiante_trabajador,22,Masculino,Administración,5,8.0,Sí,1,Media,Bajo,"No, pero me interesa",2,4,No,"Sí, necesito alojamiento",3,3,Sí,Algo mayor,
r_0203,problemas_financieros,18,Femenino,Contaduría,1,6.8,Sí,7,Media-baja,Nulo,"No, pero me interesa",3,3,No,"Sí, necesito alojamiento",1,2,No estoy seguro/a,Similar,
r_0204,alto_rendimiento,24,Masculino,Administración,5,9.0,No,11,Media,Alto,No me interesa,4,3,No,No lo necesito,3,4,Sí,Similar,
r_0205,estudiante_trabajador,25,Femenino,Negocios Internacionales,8,7.9,Sí,5,Media-baja,Bajo,No me interesa,2,3,"Sí, algunas veces",Podría necesitarlo,4,3,Sí,Algo menor,
r_0206,estres_elevado,22,Masculino,Administración,2,7.4,No,15,Media-baja,Medio,"No, pero me interesa",2,3,"Sí, con frecuencia",No lo necesito,3,3,Prefiero no responder,Algo mayor,
r_0207,problemas_financieros,20,Femenino,Enfermería,2,7.5,No,6,Media-baja,Bajo,No me interesa,3,3,No,No lo necesito,2,2,No estoy seguro/a,Algo mayor,
r_0208,estres_elevado,24,Masculino,Ingeniería en Sistemas Computacionales,6,8.0,Sí,10,Baja,Bajo,No me interesa,2,2,"Sí, algunas veces",No lo necesito,3,3,No,Algo mayor,
r_0209,bajo_compromiso,21,Femenino,Medicina,3,7.0,Sí,0,Media,Bajo,"No, pero me interesa",2,2,No,Podría necesitarlo,2,3,No,Similar,
r_0210,desempeno_promedio,24,Prefiero no responder,Derecho,9,8.2,No,9,Media-baja,Medio,"No, pero me interesa",2,3,No,Podría necesitarlo,4,3,No,Mucho mayor,
r_0211,problemas_financieros,23,Femenino,Enfermería,8,7.2,Sí,7,Baja,Bajo,No me interesa,3,3,No,Prefiero no responder,3,3,No,Mucho menor,
r_0212,estudiante_trabajador,22,Femenino,Contaduría,4,7.1,Sí,11,Media,Medio,No me interesa,1,2,"Sí, con frecuencia","Sí, necesito alojamiento",3,4,Sí,Algo mayor,
r_0213,alto_compromiso,19,Masculino,Negocios Internacionales,1,8.2,No,19,Media,Medio,No me interesa,3,4,Prefiero no responder,No lo necesito,3,5,No,Mucho mayor,
r_0214,estres_elevado,25,Femenino,Ingeniería Industrial,9,7.7,No,10,Alta,Medio,"No, pero me interesa",3,3,"Sí, algunas veces","Sí, necesito alojamiento",4,3,No,Algo mayor,
r_0215,alto_rendimiento,22,Femenino,Ingeniería Industrial,5,9.2,No,14,Media,Medio,"No, pero me interesa",4,4,Prefiero no responder,No lo necesito,4,4,No,Algo menor,
r_0216,desempeno_promedio,20,Masculino,Ingeniería Industrial,4,8.6,Sí,11,Media,Medio,"No, pero me interesa",3,5,Prefiero no responder,Podría necesitarlo,5,4,No estoy seguro/a,Mucho mayor,
r_0217,problemas_financieros,24,Masculino,Nutrición,8,7.0,Sí,2,Media,Nulo,"No, pero me interesa",2,3,"Sí, algunas veces",Podría necesitarlo,2,2,No,Similar,
r_0218,estudiante_trabajador,23,Masculino,Psicología,6,8.3,Sí,10,Media-baja,Medio,No me interesa,1,3,"Sí, algunas veces",Podría necesitarlo,4,4,No,Similar,
r_0219,estudiante_trabajador,23,Femenino,Ingeniería Civil,7,8.1,Sí,8,Media-baja,Bajo,"Sí, virtual",3,4,"Sí, algunas veces",No lo necesito,2,3,No,Algo mayor,
r_0220,estudiante_trabajador,21,Masculino,Ingeniería en Sistemas Computacionales,5,6.7,Sí,9,Media-baja,Bajo,"No, pero me interesa",3,4,"Sí, con frecuencia","Sí, necesito alojamiento",2,4,No estoy seguro/a,Algo mayor,
r_0221,desempeno_promedio,21,Prefiero no responder,Ingeniería Industrial,5,7.4,Sí,12,Media-alta,Alto,"Sí, virtual",3,3,Prefiero no responder,Podría necesitarlo,3,4,No,Similar,
r_0222,desempeno_promedio,25,Femenino,Administración,10,7.9,No,6,Media-alta,Bajo,"No, pero me interesa",3,3,No,No lo necesito,2,4,No,Algo mayor,
r_0223,bajo_compromiso,20,Masculino,Arquitectura,1,8.1,No,4,Media-baja,Bajo,"No, pero me interesa",2,2,No,No lo necesito,3,3,No,Algo menor,
r_0224,problemas_financieros,21,Femenino,Ingeniería Industrial,4,7.4,Sí,4,Baja,Bajo,No me interesa,4,2,"Sí, algunas veces","Sí, necesito alojamiento",1,3,No,Similar,
r_0225,alto_rendimiento,24,Masculino,Administración,9,8.7,No,20,Media,Medio,"No, pero me interesa",4,5,No,No lo necesito,4,4,No estoy seguro/a,Similar,
r_0226,alto_rendimiento,21,Masculino,Enfermería,5,8.8,No,20,Media-alta,Alto,"No, pero me interesa",4,5,"Sí, algunas veces",No lo necesito,5,3,Sí,Mucho menor,
r_0227,alto_rendimiento,21,Masculino,Comunicación,3,9.4,No,17,Media-baja,Alto,"No, pero me interesa",3,4,Prefiero no responder,Podría necesitarlo,4,4,No estoy seguro/a,Similar,
r_0228,estudiante_trabajador,22,Masculino,Medicina,8,8.3,Sí,7,Media,Medio,No me interesa,3,3,"Sí, algunas veces",No lo necesito,2,3,Sí,Mucho mayor,
r_0229,estudiante_trabajador,21,Masculino,Enfermería,4,7.5,Sí,5,Media-baja,Nulo,"No, pero me interesa",1,4,No,"Sí, necesito alojamiento",2,3,No,No sé,
r_0230,alta_satisfaccion,19,Prefiero no responder,Administración,3,8.9,No,10,Media,Bajo,"Sí, presencial",3,4,Prefiero no responder,No lo necesito,4,5,Sí,Similar,
r_0231,alto_rendimiento,23,Femenino,Negocios Internacionales,5,9.0,No,20,Alta,Alto,No me interesa,4,3,Prefiero no responder,Podría necesitarlo,3,4,No,Algo menor,
r_0232,bajo_compromiso,24,Masculino,Psicología,9,7.6,No,6,Media,Medio,No me interesa,1,3,"Sí, algunas veces",Podría necesitarlo,3,3,No,Similar,
r_0233,desempeno_promedio,24,Masculino,Comunicación,4,7.9,Sí,13,Media,Alto,"No, pero me interesa",4,4,Prefiero no responder,Podría necesitarlo,3,3,No,Similar,
r_0234,alto_compromiso,18,Femenino,Enfermería,1,9.3,No,17,Media,Alto,No me interesa,4,5,"Sí, con frecuencia",Podría necesitarlo,5,4,No,Algo mayor,
r_0235,alto_compromiso,22,Femenino,Psicología,6,9.7,No,16,Baja,Alto,No me interesa,5,4,No,No lo necesito,2,4,Sí,Mucho menor,
r_0236,problemas_financieros,25,Masculino,Psicología,10,7.5,Sí,4,Baja,Bajo,No me interesa,3,2,Prefiero no responder,Podría necesitarlo,1,3,No,Similar,
r_0237,riesgo_abandono,21,Masculino,Ingeniería Industrial,6,5.9,No,3,Media,Medio,"Sí, presencial",3,2,"Sí, con frecuencia",Podría necesitarlo,2,2,No,Algo menor,
r_0238,desempeno_promedio,20,Masculino,Derecho,7,8.0,No,7,Media-alta,Bajo,"No, pero me interesa",1,3,"Sí, algunas veces",No lo necesito,3,4,No,Algo mayor,
r_0239,desempeno_promedio,26,Masculino,Derecho,9,7.8,No,7,Media,Alto,"No, pero me interesa",2,3,Prefiero no responder,Prefiero no responder,4,3,No estoy seguro/a,Algo menor,
r_0240,alto_rendimiento,19,Femenino,Ingeniería Industrial,2,8.9,No,19,Media-alta,Medio,"No, pero me interesa",4,4,No,"Sí, necesito alojamiento",4,5,No,Similar,
r_0241,desempeno_promedio,24,Masculino,Psicología,11,7.2,No,8,Media-baja,Bajo,"No, pero me interesa",3,3,"Sí, algunas veces","Sí, necesito alojamiento",2,4,No estoy seguro/a,Similar,
r_0242,alta_satisfaccion,25,Femenino,Medicina,6,6.8,Sí,11,Media,Medio,"Sí, presencial",4,4,No,"Sí, necesito alojamiento",3,5,Sí,Mucho mayor,
r_0243,problemas_financieros,22,Femenino,Derecho,8,8.2,Sí,4,Baja,Bajo,Estoy preparando una solicitud,2,3,"Sí, con frecuencia",No lo necesito,1,3,No,Algo mayor,
r_0244,estudiante_trabajador,21,Masculino,Negocios Internacionales,3,7.1,No,2,Media-baja,Bajo,"No, pero me interesa",3,3,"Sí, algunas veces",No lo necesito,4,3,Sí,Similar,
r_0245,desempeno_promedio,20,Masculino,Ingeniería Industrial,4,7.7,No,11,Alta,Medio,No me interesa,2,3,"Sí, algunas veces",Prefiero no responder,3,3,Sí,Similar,
r_0246,desempeno_promedio,21,Masculino,Psicología,3,8.2,No,11,Media-alta,Medio,"No, pero me interesa",2,4,No,No lo necesito,3,4,No estoy seguro/a,Algo menor,
r_0247,estudiante_trabajador,22,Masculino,Medicina,6,7.2,Sí,4,Baja,Bajo,"Sí, virtual",3,2,"Sí, con frecuencia",No lo necesito,2,4,No,Mucho mayor,
r_0248,desempeno_promedio,19,Masculino,Pedagogía,4,7.4,No,13,Media-baja,Alto,Estoy preparando una solicitud,2,4,No,"Sí, necesito alojamiento",3,3,Sí,Similar,
r_0249,riesgo_abandono,23,Femenino,Ingeniería Civil,10,6.4,Sí,1,Baja,Medio,No me interesa,2,2,No,Prefiero no responder,3,3,No,Algo mayor,
r_0250,estres_elevado,24,Femenino,Biología,5,8.3,No,11,Media-baja,Medio,"No, pero me interesa",3,2,"Sí, con frecuencia",No lo necesito,3,2,No,Similar,
